time,open,high,low,close,volume
14/10/2014,2.29,2.32,2.29,2.31,231600
15/10/2014,2.31,2.31,2.29,2.31,419645
16/10/2014,2.29,2.32,2.28,2.31,353992
17/10/2014,2.29,2.32,2.29,2.32,210289
20/10/2014,2.32,2.32,2.31,2.31,108468
21/10/2014,2.29,2.32,2.29,2.31,289064
22/10/2014,2.31,2.32,2.31,2.31,31795
23/10/2014,2.32,2.34,2.31,2.32,161552
24/10/2014,2.31,2.32,2.31,2.31,52162
27/10/2014,2.31,2.32,2.29,2.31,217065
28/10/2014,2.26,2.31,2.26,2.31,251163
29/10/2014,2.29,2.32,2.29,2.32,106491
30/10/2014,2.32,2.34,2.31,2.34,62070
31/10/2014,2.31,2.34,2.31,2.34,24038
03/11/2014,2.34,2.34,2.32,2.34,100354
04/11/2014,2.32,2.34,2.31,2.34,46793
05/11/2014,2.32,2.34,2.31,2.31,211312
06/11/2014,2.32,2.38,2.32,2.38,607153
07/11/2014,2.4,2.4,2.37,2.38,108912
10/11/2014,2.38,2.4,2.35,2.35,23052
11/11/2014,2.35,2.45,2.35,2.4,137791
12/11/2014,2.4,2.52,2.37,2.45,341874
13/11/2014,2.45,2.46,2.42,2.45,142342
14/11/2014,2.42,2.43,2.4,2.4,64189
17/11/2014,2.4,2.42,2.38,2.42,377610
18/11/2014,2.42,2.43,2.38,2.4,145431
19/11/2014,2.4,2.42,2.38,2.38,143255
20/11/2014,2.4,2.4,2.37,2.38,33683
21/11/2014,2.4,2.4,2.35,2.35,22641
24/11/2014,2.35,2.35,2.34,2.34,175773
25/11/2014,2.37,2.38,2.34,2.35,128283
26/11/2014,2.37,2.37,2.32,2.32,68795
27/11/2014,2.35,2.37,2.34,2.35,23569
28/11/2014,2.37,2.37,2.32,2.32,108071
01/12/2014,2.35,2.35,2.32,2.32,245301
02/12/2014,2.31,2.32,2.31,2.31,78471
03/12/2014,2.34,2.38,2.32,2.32,171643
04/12/2014,2.32,2.42,2.31,2.38,202567
05/12/2014,2.38,2.42,2.37,2.38,212038
08/12/2014,2.38,2.38,2.34,2.38,60200
09/12/2014,2.37,2.38,2.34,2.34,119810
10/12/2014,2.34,2.35,2.34,2.35,129215
11/12/2014,2.34,2.38,2.34,2.37,65131
12/12/2014,2.37,2.38,2.37,2.37,50253
15/12/2014,2.37,2.38,2.37,2.37,108333
16/12/2014,2.34,2.37,2.34,2.35,397979
17/12/2014,2.34,2.35,2.31,2.34,275334
18/12/2014,2.34,2.35,2.34,2.35,63994
19/12/2014,2.35,2.37,2.34,2.35,140100
22/12/2014,2.35,2.35,2.34,2.34,43600
23/12/2014,2.34,2.37,2.34,2.37,92526
24/12/2014,2.37,2.38,2.35,2.37,181309
25/12/2014,2.37,2.37,2.35,2.35,68821
26/12/2014,2.34,2.35,2.34,2.35,47517
29/12/2014,2.35,2.35,2.34,2.34,105923
30/12/2014,2.34,2.35,2.31,2.34,178030
31/12/2014,2.34,2.35,2.34,2.35,39354
05/01/2015,2.35,2.35,2.32,2.34,55888
06/01/2015,2.32,2.37,2.31,2.37,89802
07/01/2015,2.37,2.45,2.37,2.4,232861
08/01/2015,2.4,2.42,2.38,2.42,14880
09/01/2015,2.42,2.49,2.38,2.43,693623
12/01/2015,2.45,2.51,2.43,2.46,368334
13/01/2015,2.46,2.55,2.46,2.52,416006
14/01/2015,2.52,2.52,2.46,2.48,300420
15/01/2015,2.46,2.48,2.43,2.43,244964
16/01/2015,2.45,2.46,2.4,2.43,374204
19/01/2015,2.46,2.48,2.45,2.46,230317
20/01/2015,2.45,2.46,2.42,2.45,75172
21/01/2015,2.45,2.46,2.42,2.43,205371
22/01/2015,2.43,2.49,2.42,2.49,300965
23/01/2015,2.48,2.63,2.48,2.61,1441874
26/01/2015,2.61,2.64,2.61,2.63,307006
27/01/2015,2.64,2.66,2.52,2.63,315651
28/01/2015,2.61,2.78,2.58,2.75,959871
29/01/2015,2.75,2.77,2.71,2.71,429009
30/01/2015,2.69,2.69,2.58,2.63,478259
02/02/2015,2.61,2.64,2.57,2.57,265344
03/02/2015,2.57,2.58,2.43,2.43,827865
04/02/2015,2.42,2.46,2.38,2.46,270500
05/02/2015,2.46,2.51,2.46,2.46,74461
06/02/2015,2.46,2.51,2.28,2.51,245283
09/02/2015,2.51,2.54,2.46,2.46,72974
10/02/2015,2.45,2.51,2.45,2.48,105679
11/02/2015,2.48,2.52,2.48,2.51,90914
12/02/2015,2.51,2.52,2.49,2.51,87911
13/02/2015,2.52,2.61,2.52,2.57,650359
24/02/2015,2.58,2.64,2.58,2.61,140871
25/02/2015,2.63,2.71,2.61,2.64,672279
26/02/2015,2.64,2.66,2.6,2.64,112327
27/02/2015,2.66,2.66,2.6,2.6,64375
02/03/2015,2.63,2.63,2.58,2.6,100838
03/03/2015,2.63,2.63,2.58,2.58,603931
04/03/2015,2.6,2.6,2.57,2.58,412425
05/03/2015,2.58,2.6,2.57,2.57,159152
06/03/2015,2.57,2.61,2.55,2.6,322073
09/03/2015,2.6,2.61,2.57,2.58,159821
10/03/2015,2.58,2.6,2.57,2.6,96698
11/03/2015,2.6,2.64,2.6,2.61,561767
12/03/2015,2.58,2.61,2.54,2.6,47908
13/03/2015,2.6,2.61,2.58,2.58,162894
16/03/2015,2.6,2.6,2.57,2.58,340462
17/03/2015,2.58,2.6,2.58,2.58,118588
18/03/2015,2.34,2.6,2.34,2.58,259352
19/03/2015,2.6,2.75,2.58,2.58,129073
20/03/2015,2.58,2.61,2.58,2.61,116347
23/03/2015,2.6,2.6,2.58,2.58,57431
24/03/2015,2.58,2.58,2.55,2.57,222685
25/03/2015,2.57,2.6,2.57,2.6,122734
26/03/2015,2.6,2.61,2.58,2.6,165791
27/03/2015,2.6,2.6,2.57,2.57,150742
30/03/2015,2.55,2.58,2.55,2.57,187169
31/03/2015,2.57,2.58,2.55,2.55,57640
01/04/2015,2.55,2.57,2.52,2.52,252663
02/04/2015,2.52,2.57,2.52,2.54,159003
03/04/2015,2.54,2.57,2.52,2.57,51215
06/04/2015,2.57,2.57,2.55,2.57,4952
07/04/2015,2.57,2.57,2.54,2.55,46793
08/04/2015,2.54,2.55,2.54,2.54,60778
09/04/2015,2.54,2.54,2.51,2.52,153488
10/04/2015,2.52,2.55,2.52,2.54,26605
13/04/2015,2.55,2.55,2.54,2.54,36940
14/04/2015,2.52,2.54,2.51,2.54,57719
15/04/2015,2.52,2.54,2.51,2.52,42101
16/04/2015,2.52,2.54,2.49,2.52,82523
17/04/2015,2.52,2.54,2.51,2.54,36935
20/04/2015,2.52,2.54,2.51,2.52,44975
21/04/2015,2.52,2.52,2.49,2.49,52353
22/04/2015,2.49,2.54,2.49,2.52,105481
23/04/2015,2.52,2.54,2.49,2.52,39006
24/04/2015,2.51,2.54,2.49,2.49,30752
27/04/2015,2.55,2.58,2.55,2.57,172955
04/05/2015,2.58,2.58,2.51,2.51,16816
05/05/2015,2.49,2.54,2.46,2.54,48513
06/05/2015,2.54,2.57,2.51,2.54,144990
07/05/2015,2.52,2.55,2.51,2.54,121436
08/05/2015,2.55,2.55,2.52,2.52,171291
11/05/2015,2.54,2.55,2.52,2.54,134947
12/05/2015,2.52,2.54,2.49,2.54,59695
13/05/2015,2.52,2.55,2.49,2.52,327269
14/05/2015,2.51,2.57,2.51,2.55,98453
15/05/2015,2.58,2.58,2.54,2.57,68959
18/05/2015,2.57,2.57,2.52,2.54,222564
19/05/2015,2.57,2.58,2.54,2.55,37354
20/05/2015,2.54,2.62,2.54,2.57,96071
21/05/2015,2.6,2.62,2.57,2.6,46433
22/05/2015,2.6,2.62,2.57,2.57,139779
25/05/2015,2.62,2.65,2.6,2.65,401035
26/05/2015,2.65,2.79,2.63,2.79,1612511
27/05/2015,2.79,2.89,2.74,2.87,833767
28/05/2015,2.87,3.14,2.84,3.05,1585442
29/05/2015,3.03,3.11,3.03,3.08,805676
01/06/2015,3.03,3.29,3.03,3.21,1006223
02/06/2015,3.21,3.24,3.1,3.11,1219764
03/06/2015,3.11,3.16,3.1,3.14,765768
04/06/2015,3.14,3.38,3.13,3.27,1126592
05/06/2015,3.27,3.46,3.27,3.45,1201275
08/06/2015,3.45,3.65,3.45,3.49,1163634
09/06/2015,3.53,3.57,3.38,3.49,1081395
10/06/2015,3.45,3.49,3.37,3.49,977147
11/06/2015,3.48,3.61,3.43,3.43,807912
12/06/2015,3.45,3.49,3.37,3.4,615109
15/06/2015,3.4,3.49,3.4,3.48,978956
16/06/2015,3.51,3.59,3.41,3.41,859613
17/06/2015,3.38,3.43,3.33,3.38,454521
18/06/2015,3.38,3.49,3.38,3.43,622294
19/06/2015,3.45,3.51,3.43,3.46,385535
22/06/2015,3.43,3.54,3.43,3.49,834327
23/06/2015,3.49,3.54,3.48,3.48,727502
24/06/2015,3.51,3.51,3.41,3.41,643475
25/06/2015,3.67,3.75,3.41,3.45,595957
26/06/2015,3.43,3.48,3.35,3.35,1009225
29/06/2015,3.33,3.35,3.27,3.32,858135
30/06/2015,3.32,3.43,3.27,3.27,915176
01/07/2015,3.29,3.33,3.27,3.3,508272
02/07/2015,3.22,3.49,3.22,3.46,1349683
03/07/2015,3.48,3.62,3.48,3.56,1760897
06/07/2015,3.59,3.73,3.57,3.73,2519437
07/07/2015,3.73,3.86,3.64,3.77,1754487
08/07/2015,3.7,3.8,3.59,3.65,1447415
09/07/2015,3.61,3.65,3.57,3.62,1152099
10/07/2015,3.62,3.72,3.62,3.62,682325
13/07/2015,3.62,3.69,3.61,3.64,609490
14/07/2015,3.65,3.77,3.65,3.7,2298523
15/07/2015,3.73,3.73,3.61,3.61,1158668
16/07/2015,3.59,3.61,3.53,3.59,744800
17/07/2015,3.57,3.59,3.51,3.51,743928
20/07/2015,3.49,3.49,3.38,3.48,1189236
21/07/2015,3.43,3.49,3.37,3.38,674566
22/07/2015,3.72,3.72,3.35,3.59,525766
23/07/2015,3.62,3.62,3.48,3.48,892399
24/07/2015,3.48,3.56,3.46,3.49,241877
27/07/2015,3.56,3.56,3.49,3.51,537838
28/07/2015,3.59,3.86,3.45,3.49,595210
29/07/2015,3.46,3.51,3.46,3.46,334121
30/07/2015,3.45,3.51,3.43,3.46,338803
31/07/2015,3.48,3.48,3.45,3.45,342128
03/08/2015,3.45,3.45,3.27,3.32,745685
04/08/2015,3.35,3.35,3.29,3.29,435108
05/08/2015,3.29,3.33,3.29,3.33,288442
06/08/2015,3.35,3.35,3.27,3.27,197343
07/08/2015,3.27,3.32,3.25,3.27,220667
10/08/2015,3.27,3.38,3.24,3.38,287468
11/08/2015,3.4,3.45,3.33,3.33,309493
12/08/2015,3.33,3.38,3.25,3.27,491840
13/08/2015,3.25,3.27,3.19,3.21,552126
14/08/2015,3.21,3.21,3.14,3.16,772335
17/08/2015,3.16,3.16,2.97,2.98,1125772
18/08/2015,2.97,3.05,2.9,3.03,521619
19/08/2015,3.03,3.11,2.98,3.06,362735
20/08/2015,3.1,3.1,3.02,3.02,182245
21/08/2015,3.0,3.02,2.92,3.02,851858
24/08/2015,3.1,3.3,2.73,2.73,1663746
25/08/2015,2.74,2.87,2.65,2.84,729322
26/08/2015,2.87,2.95,2.84,2.94,565316
27/08/2015,2.95,3.02,2.9,2.97,267961
28/08/2015,2.97,3.0,2.95,3.0,559810
31/08/2015,3.0,3.02,2.92,2.92,186590
01/09/2015,2.94,2.94,2.87,2.9,219234
03/09/2015,2.9,2.94,2.87,2.89,131193
04/09/2015,2.84,2.9,2.84,2.86,129860
07/09/2015,2.86,2.92,2.86,2.89,140700
08/09/2015,2.89,3.03,2.87,3.03,301747
09/09/2015,3.05,3.11,3.05,3.11,702756
10/09/2015,3.06,3.11,3.0,3.06,259986
11/09/2015,3.06,3.08,3.02,3.03,161434
14/09/2015,3.05,3.1,2.98,3.02,119804
15/09/2015,3.03,3.03,2.95,2.98,153480
16/09/2015,2.95,3.0,2.95,2.98,95791
17/09/2015,3.02,3.1,3.0,3.05,647976
18/09/2015,3.08,3.11,3.05,3.08,290102
21/09/2015,3.08,3.1,3.06,3.08,139262
22/09/2015,3.08,3.11,3.06,3.06,302093
23/09/2015,3.1,3.1,3.03,3.08,207733
24/09/2015,3.08,3.25,3.06,3.11,989427
25/09/2015,3.11,3.14,3.1,3.14,322242
28/09/2015,3.14,3.17,3.08,3.08,265140
29/09/2015,3.06,3.11,3.0,3.1,299147
30/09/2015,3.11,3.13,3.1,3.1,123594
01/10/2015,3.08,3.11,2.79,3.1,227369
02/10/2015,3.1,3.11,3.1,3.11,158695
05/10/2015,3.11,3.13,3.08,3.13,220204
06/10/2015,3.14,3.25,3.14,3.22,895315
07/10/2015,3.25,3.25,3.17,3.17,188078
08/10/2015,3.16,3.3,3.16,3.22,541780
09/10/2015,3.27,3.3,3.25,3.29,557772
12/10/2015,3.3,3.33,3.27,3.33,479803
13/10/2015,3.3,3.32,3.29,3.32,230664
14/10/2015,3.3,3.32,3.27,3.32,296896
15/10/2015,3.29,3.33,3.27,3.32,371189
16/10/2015,3.33,3.35,3.3,3.3,431631
19/10/2015,3.24,3.33,3.24,3.3,178784
20/10/2015,3.3,3.32,3.25,3.29,149907
21/10/2015,3.29,3.32,3.27,3.27,282119
22/10/2015,3.25,3.32,3.25,3.32,176203
23/10/2015,3.32,3.33,3.3,3.32,175412
26/10/2015,3.32,3.35,3.32,3.33,246978
27/10/2015,3.3,3.33,3.29,3.33,72424
28/10/2015,3.29,3.32,3.29,3.29,78194
29/10/2015,3.3,3.32,3.29,3.32,204951
30/10/2015,3.3,3.35,3.3,3.32,167701
02/11/2015,3.32,3.32,3.25,3.29,49251
03/11/2015,3.25,3.3,3.25,3.29,126751
04/11/2015,3.3,3.3,3.25,3.25,114262
05/11/2015,3.25,3.29,3.25,3.27,130706
06/11/2015,3.29,3.3,3.22,3.29,60404
09/11/2015,3.3,3.3,3.25,3.25,62807
10/11/2015,3.43,3.43,3.22,3.22,59686
11/11/2015,3.24,3.24,3.17,3.17,63351
12/11/2015,3.19,3.24,3.17,3.24,192162
13/11/2015,3.24,3.27,3.22,3.27,89348
16/11/2015,3.21,3.25,3.19,3.22,182808
17/11/2015,3.19,3.24,3.19,3.21,104666
18/11/2015,3.21,3.22,3.19,3.22,106123
19/11/2015,3.21,3.22,3.19,3.21,149493
20/11/2015,3.21,3.21,3.19,3.19,52888
23/11/2015,3.19,3.19,3.16,3.17,137973
24/11/2015,2.87,3.21,2.87,3.13,104586
25/11/2015,3.1,3.17,3.08,3.13,87977
26/11/2015,3.11,3.16,3.11,3.13,125075
27/11/2015,3.14,3.16,3.1,3.1,159463
30/11/2015,3.14,3.14,3.03,3.1,65564
01/12/2015,3.11,3.11,3.05,3.1,70757
02/12/2015,3.11,3.11,3.08,3.11,175800
03/12/2015,3.1,3.13,3.1,3.1,120400
04/12/2015,3.1,3.11,3.06,3.1,93512
07/12/2015,3.1,3.11,3.1,3.1,106274
08/12/2015,3.1,3.13,3.06,3.13,198616
09/12/2015,3.1,3.13,3.1,3.13,19516
10/12/2015,3.11,3.11,3.06,3.08,53969
11/12/2015,3.11,3.11,3.06,3.1,42621
14/12/2015,3.06,3.1,3.03,3.1,10348
15/12/2015,3.1,3.1,3.08,3.08,185385
16/12/2015,3.1,3.13,3.05,3.08,231288
17/12/2015,3.08,3.11,3.08,3.11,65682
18/12/2015,3.11,3.11,3.06,3.06,61210
21/12/2015,3.03,3.11,3.03,3.1,64500
22/12/2015,3.1,3.1,3.08,3.08,3990
23/12/2015,3.06,3.1,3.05,3.06,99719
24/12/2015,3.05,3.08,3.05,3.06,46337
25/12/2015,3.05,3.08,3.05,3.06,42647
28/12/2015,3.06,3.1,3.05,3.08,31329
29/12/2015,3.06,3.11,3.03,3.1,66664
30/12/2015,3.1,3.11,3.06,3.11,23229
31/12/2015,3.11,3.16,3.11,3.16,49268
04/01/2016,3.16,3.16,3.13,3.14,36439
05/01/2016,3.13,3.13,3.08,3.1,47676
06/01/2016,3.1,3.11,3.08,3.11,40589
07/01/2016,3.08,3.1,3.03,3.05,94027
08/01/2016,3.03,3.05,3.03,3.05,84809
11/01/2016,3.03,3.05,3.02,3.03,37405
12/01/2016,3.03,3.08,3.03,3.03,48154
13/01/2016,3.08,3.08,3.03,3.03,81357
14/01/2016,3.06,3.06,3.02,3.03,315858
15/01/2016,3.03,3.06,3.03,3.05,260588
18/01/2016,2.95,3.02,2.95,2.97,325887
19/01/2016,3.0,3.02,2.98,3.02,71934
20/01/2016,3.02,3.02,2.98,3.02,195341
21/01/2016,3.02,3.02,2.95,3.02,91172
22/01/2016,2.98,3.0,2.95,2.97,29413
25/01/2016,2.98,3.08,2.98,3.05,143015
26/01/2016,3.05,3.05,2.98,3.03,43819
27/01/2016,3.05,3.05,3.0,3.03,154443
28/01/2016,3.33,3.33,2.98,3.03,29261
29/01/2016,3.02,3.03,3.0,3.03,85979
01/02/2016,3.02,3.03,2.98,3.02,158690
02/02/2016,3.0,3.03,2.98,3.03,113430
03/02/2016,3.03,3.03,3.02,3.03,80000
04/02/2016,3.03,3.03,3.02,3.03,120031
05/02/2016,3.02,3.08,3.02,3.05,59764
15/02/2016,3.03,3.06,3.0,3.03,25161
16/02/2016,3.03,3.11,3.03,3.1,114193
17/02/2016,3.1,3.1,3.03,3.06,141492
18/02/2016,3.05,3.11,3.05,3.06,65316
19/02/2016,3.1,3.1,3.05,3.06,162020
22/02/2016,3.03,3.11,3.03,3.06,93741
23/02/2016,3.08,3.11,3.06,3.06,268334
24/02/2016,2.9,3.22,2.9,3.19,613706
25/02/2016,3.3,3.45,3.14,3.16,170309
26/02/2016,3.16,3.17,3.14,3.17,54693
29/02/2016,3.17,3.17,3.11,3.14,192525
01/03/2016,3.14,3.16,3.13,3.13,140511
02/03/2016,3.13,3.13,3.1,3.11,187244
03/03/2016,3.13,3.13,3.08,3.11,209795
04/03/2016,3.1,3.14,3.08,3.14,106154
07/03/2016,3.11,3.16,3.11,3.16,168692
08/03/2016,3.14,3.14,3.03,3.03,349888
09/03/2016,3.1,3.1,3.05,3.1,72850
10/03/2016,3.08,3.1,3.06,3.08,127860
11/03/2016,3.06,3.11,3.06,3.1,38679
14/03/2016,3.06,3.1,3.05,3.05,130070
15/03/2016,3.13,3.13,3.05,3.06,75369
16/03/2016,3.08,3.08,3.05,3.06,85539
17/03/2016,3.08,3.08,3.03,3.05,51939
18/03/2016,3.03,3.06,3.03,3.05,49217
21/03/2016,3.02,3.08,2.9,3.03,48938
22/03/2016,3.0,3.03,2.98,3.02,143433
23/03/2016,3.0,3.02,2.97,3.0,349539
24/03/2016,3.02,3.02,2.98,2.98,60102
25/03/2016,3.03,3.03,2.97,2.97,28280
28/03/2016,3.0,3.0,2.95,2.97,28313
29/03/2016,2.95,2.97,2.95,2.95,72908
30/03/2016,2.98,2.98,2.81,2.82,215414
31/03/2016,2.94,2.94,2.87,2.92,104162
01/04/2016,2.95,2.98,2.92,2.92,125723
04/04/2016,2.95,2.95,2.87,2.92,69304
05/04/2016,2.9,2.9,2.87,2.87,59056
06/04/2016,2.87,2.87,2.84,2.86,164962
07/04/2016,2.87,2.92,2.87,2.9,32738
08/04/2016,2.92,2.95,2.9,2.95,51607
11/04/2016,2.94,2.94,2.92,2.94,49001
12/04/2016,2.94,2.94,2.92,2.92,71515
13/04/2016,2.92,2.92,2.87,2.89,94770
14/04/2016,2.87,2.9,2.84,2.84,89740
15/04/2016,2.92,2.92,2.84,2.86,66580
19/04/2016,2.9,2.9,2.82,2.84,27773
20/04/2016,2.87,2.87,2.82,2.82,73200
21/04/2016,2.82,2.82,2.79,2.82,76583
22/04/2016,2.79,2.9,2.79,2.9,126434
25/04/2016,2.87,2.92,2.86,2.87,19229
26/04/2016,2.87,2.89,2.86,2.87,117712
27/04/2016,2.89,2.89,2.84,2.84,241006
28/04/2016,2.87,2.87,2.82,2.82,39419
29/04/2016,2.82,2.86,2.81,2.86,75474
04/05/2016,2.82,2.87,2.81,2.86,48056
05/05/2016,2.82,2.86,2.81,2.84,151701
06/05/2016,2.86,2.86,2.82,2.84,111028
09/05/2016,2.84,2.87,2.82,2.87,233846
10/05/2016,2.89,2.89,2.82,2.86,92709
11/05/2016,2.86,2.87,2.82,2.86,362991
12/05/2016,2.87,3.05,2.87,3.0,569423
13/05/2016,3.0,3.06,2.97,2.98,303678
16/05/2016,2.97,3.03,2.97,3.03,193462
17/05/2016,3.03,3.06,3.0,3.03,266987
18/05/2016,3.02,3.16,2.98,3.08,520514
19/05/2016,3.08,3.1,3.03,3.1,102855
20/05/2016,3.03,3.1,3.02,3.05,50349
23/05/2016,3.02,3.02,2.95,2.95,144346
24/05/2016,2.95,2.98,2.95,2.95,204898
25/05/2016,2.95,2.98,2.94,2.94,174731
26/05/2016,2.95,2.97,2.9,2.92,373996
27/05/2016,2.92,2.95,2.92,2.95,170308
30/05/2016,2.97,2.97,2.94,2.95,90100
31/05/2016,3.0,3.0,2.94,2.94,190183
01/06/2016,2.98,2.98,2.94,2.95,72389
02/06/2016,2.94,2.97,2.94,2.95,49600
03/06/2016,2.95,2.98,2.94,2.95,94742
06/06/2016,2.95,3.03,2.95,2.98,142834
07/06/2016,2.98,2.98,2.97,2.98,28025
08/06/2016,2.98,3.02,2.97,3.0,42707
09/06/2016,3.0,3.02,2.98,3.02,83647
10/06/2016,3.0,3.05,3.0,3.03,82355
13/06/2016,3.02,3.06,3.0,3.03,138648
14/06/2016,3.03,3.06,3.02,3.05,113252
15/06/2016,3.05,3.05,3.03,3.05,51430
16/06/2016,3.05,3.06,3.03,3.05,135735
17/06/2016,3.03,3.05,3.03,3.05,118867
20/06/2016,3.03,3.06,3.03,3.06,49716
21/06/2016,3.05,3.06,3.03,3.06,130676
22/06/2016,3.03,3.06,3.03,3.06,108886
23/06/2016,3.03,3.06,3.03,3.06,62511
24/06/2016,3.03,3.06,2.87,3.06,153703
27/06/2016,2.94,3.05,2.94,3.05,102503
28/06/2016,2.97,3.03,2.97,3.03,18644
29/06/2016,2.98,3.03,2.98,3.03,65672
30/06/2016,3.03,3.03,3.0,3.03,20698
01/07/2016,2.98,3.03,2.97,3.03,160733
04/07/2016,2.98,2.98,2.94,2.95,289840
05/07/2016,2.95,2.98,2.92,2.95,224536
06/07/2016,2.95,2.95,2.92,2.95,119879
07/07/2016,2.95,3.02,2.95,2.98,46124
08/07/2016,2.98,2.98,2.95,2.98,213318
11/07/2016,2.97,2.98,2.95,2.95,256181
12/07/2016,2.95,2.95,2.92,2.95,26771
13/07/2016,2.95,3.1,2.95,3.03,437147
14/07/2016,3.03,3.11,3.03,3.03,855293
15/07/2016,3.08,3.08,3.02,3.03,218899
18/07/2016,3.0,3.02,2.95,3.02,59135
19/07/2016,3.02,3.02,2.89,2.95,465733
20/07/2016,2.95,2.95,2.92,2.95,109114
21/07/2016,2.97,2.98,2.92,2.92,115206
22/07/2016,2.92,2.92,2.89,2.89,70617
25/07/2016,2.89,2.92,2.87,2.89,73600
26/07/2016,2.89,2.9,2.86,2.86,143345
27/07/2016,2.86,2.89,2.86,2.86,59291
28/07/2016,2.87,2.87,2.84,2.86,33402
29/07/2016,2.86,2.89,2.84,2.89,138157
01/08/2016,2.87,2.89,2.84,2.84,39056
02/08/2016,2.84,2.84,2.79,2.79,76750
03/08/2016,2.79,2.79,2.76,2.76,75348
04/08/2016,2.79,2.82,2.78,2.79,110262
05/08/2016,2.79,2.82,2.78,2.81,70318
08/08/2016,2.81,2.81,2.78,2.81,69544
09/08/2016,2.81,2.82,2.79,2.81,32488
10/08/2016,2.82,2.82,2.79,2.82,136283
11/08/2016,2.82,2.82,2.81,2.82,16038
12/08/2016,2.84,2.86,2.81,2.82,48499
15/08/2016,2.81,2.82,2.79,2.79,39933
16/08/2016,2.79,2.87,2.79,2.84,106540
17/08/2016,2.84,2.84,2.81,2.82,117280
18/08/2016,2.82,2.87,2.81,2.81,113815
19/08/2016,2.81,2.81,2.79,2.81,126316
22/08/2016,2.79,2.81,2.79,2.79,64989
23/08/2016,2.79,2.81,2.78,2.81,100523
24/08/2016,2.81,2.82,2.79,2.79,53493
25/08/2016,2.81,2.84,2.79,2.84,86057
26/08/2016,2.79,2.86,2.79,2.86,74750
29/08/2016,2.86,2.86,2.84,2.84,133815
30/08/2016,2.84,2.84,2.84,2.84,55861
31/08/2016,2.86,2.87,2.84,2.87,192835
01/09/2016,2.87,2.87,2.86,2.86,81398
05/09/2016,2.84,2.84,2.82,2.84,78738
06/09/2016,2.84,2.86,2.84,2.86,100607
07/09/2016,2.84,2.86,2.82,2.84,37441
08/09/2016,2.82,2.84,2.81,2.84,38923
09/09/2016,2.76,2.84,2.76,2.82,9453
12/09/2016,2.81,2.81,2.78,2.81,137291
13/09/2016,2.79,2.81,2.78,2.79,76695
14/09/2016,2.79,2.79,2.76,2.78,151529
15/09/2016,2.76,2.78,2.73,2.76,160591
16/09/2016,2.73,2.76,2.71,2.76,120039
19/09/2016,2.74,2.76,2.73,2.73,39590
20/09/2016,2.73,2.76,2.71,2.73,117888
21/09/2016,2.73,2.82,2.73,2.78,181530
22/09/2016,2.79,2.79,2.76,2.76,52251
23/09/2016,2.74,2.78,2.74,2.78,54315
26/09/2016,2.78,2.78,2.74,2.74,55181
27/09/2016,2.73,2.78,2.73,2.76,112486
28/09/2016,2.74,2.9,2.74,2.9,960835
29/09/2016,2.92,2.94,2.9,2.92,413417
30/09/2016,2.92,2.94,2.89,2.92,281903
03/10/2016,2.94,3.08,2.92,2.97,584999
04/10/2016,2.97,3.1,2.97,3.05,728172
05/10/2016,3.05,3.14,3.05,3.11,650032
06/10/2016,3.13,3.13,3.06,3.11,445683
07/10/2016,3.08,3.1,2.98,3.03,474856
10/10/2016,3.03,3.08,3.02,3.03,595489
11/10/2016,3.03,3.08,3.02,3.03,325562
12/10/2016,3.05,3.16,3.03,3.08,742105
13/10/2016,3.06,3.11,3.06,3.1,297562
14/10/2016,3.1,3.11,3.08,3.08,399942
17/10/2016,3.06,3.06,3.05,3.05,379894
18/10/2016,3.05,3.06,3.03,3.06,383550
19/10/2016,3.06,3.16,3.06,3.13,894546
20/10/2016,3.13,3.14,3.08,3.11,176834
21/10/2016,3.11,3.11,3.08,3.1,115481
24/10/2016,3.08,3.1,3.03,3.03,435877
25/10/2016,3.03,3.06,3.0,3.06,228430
26/10/2016,3.06,3.06,3.03,3.05,123409
27/10/2016,3.05,3.06,3.03,3.06,184931
28/10/2016,3.05,3.1,3.03,3.1,109185
31/10/2016,3.08,3.1,3.03,3.03,200973
01/11/2016,3.03,3.08,3.03,3.06,246218
02/11/2016,3.05,3.06,3.03,3.05,74747
03/11/2016,3.05,3.05,3.0,3.03,263536
04/11/2016,3.03,3.03,3.02,3.03,51973
07/11/2016,3.03,3.05,3.02,3.05,140965
08/11/2016,3.05,3.05,3.03,3.03,240477
09/11/2016,3.03,3.03,2.87,2.98,510554
10/11/2016,2.98,3.06,2.98,3.05,149865
11/11/2016,3.05,3.06,3.03,3.05,180044
14/11/2016,3.05,3.05,3.03,3.03,189722
15/11/2016,3.06,3.06,3.03,3.05,147050
16/11/2016,3.05,3.05,3.02,3.02,165430
17/11/2016,3.03,3.05,3.03,3.03,216720
18/11/2016,3.03,3.03,3.02,3.02,232504
21/11/2016,3.05,3.06,3.03,3.03,45941
22/11/2016,3.05,3.05,3.03,3.05,289066
23/11/2016,3.05,3.08,3.05,3.08,184640
24/11/2016,3.08,3.1,3.06,3.1,154688
25/11/2016,3.05,3.1,3.05,3.1,179786
28/11/2016,3.1,3.11,3.05,3.05,110554
29/11/2016,3.03,3.05,3.03,3.05,234984
30/11/2016,3.03,3.06,3.03,3.05,151350
01/12/2016,3.09,3.18,3.09,3.16,381829
02/12/2016,3.16,3.16,3.07,3.11,71031
05/12/2016,3.12,3.12,3.07,3.07,49063
06/12/2016,3.11,3.12,3.0,3.0,239780
07/12/2016,3.0,3.0,2.91,2.95,226091
08/12/2016,3.02,3.02,2.95,2.95,220042
09/12/2016,2.97,3.02,2.95,3.0,103048
12/12/2016,3.0,3.0,2.97,2.98,30478
13/12/2016,2.98,2.98,2.91,2.91,125191
14/12/2016,2.95,2.98,2.91,2.91,93783
15/12/2016,2.98,2.98,2.91,2.93,141933
16/12/2016,2.98,3.02,2.95,3.02,112809
19/12/2016,3.05,3.05,2.98,2.98,232663
20/12/2016,3.0,3.0,2.97,2.98,273119
21/12/2016,3.0,3.19,3.0,3.14,939567
22/12/2016,3.14,3.16,3.07,3.12,430272
23/12/2016,3.07,3.12,3.02,3.04,390028
26/12/2016,3.05,3.12,3.04,3.12,142239
27/12/2016,3.07,3.12,3.05,3.05,320223
28/12/2016,3.09,3.09,3.07,3.07,220675
29/12/2016,3.05,3.12,3.04,3.09,398898
30/12/2016,3.11,3.12,3.07,3.09,132554
03/01/2017,3.11,3.33,3.11,3.33,1609757
04/01/2017,3.33,3.42,3.33,3.35,739000
05/01/2017,3.37,3.39,3.32,3.35,471881
06/01/2017,3.35,3.67,3.32,3.53,1409824
09/01/2017,3.53,3.67,3.53,3.65,970791
10/01/2017,3.65,3.7,3.56,3.69,942499
11/01/2017,3.65,3.83,3.65,3.79,1447461
12/01/2017,3.77,3.9,3.74,3.79,1158392
13/01/2017,3.76,3.86,3.72,3.77,1230784
16/01/2017,3.77,3.83,3.74,3.83,575469
17/01/2017,3.86,4.09,3.84,4.04,1398174
18/01/2017,4.04,4.16,4.02,4.05,1360520
19/01/2017,4.05,4.11,3.98,4.04,542576
20/01/2017,4.04,4.16,4.04,4.05,614473
23/01/2017,4.05,4.05,3.93,4.02,867359
24/01/2017,4.02,4.18,3.97,4.12,722901
25/01/2017,4.11,4.14,4.05,4.14,437171
02/02/2017,4.14,4.19,4.02,4.18,693910
03/02/2017,4.18,4.3,4.18,4.25,1124649
06/02/2017,4.25,4.26,4.12,4.14,1767267
07/02/2017,4.18,4.25,4.11,4.16,820988
08/02/2017,4.16,4.19,4.09,4.16,627023
09/02/2017,4.16,4.16,4.12,4.16,480866
10/02/2017,4.16,4.23,4.16,4.19,2354611
13/02/2017,4.23,4.23,4.09,4.12,1102014
14/02/2017,4.12,4.14,4.07,4.12,630201
15/02/2017,4.12,4.16,4.07,4.09,1719050
16/02/2017,4.11,4.12,3.98,3.98,1657991
17/02/2017,3.95,4.04,3.95,3.98,886909
20/02/2017,3.98,4.05,3.97,3.98,1208009
21/02/2017,3.98,4.02,3.97,3.98,992334
22/02/2017,3.98,3.98,3.88,3.97,890701
23/02/2017,3.97,3.97,3.91,3.97,599354
24/02/2017,3.98,4.14,3.97,3.98,2041146
27/02/2017,3.98,4.04,3.98,4.02,652055
28/02/2017,4.04,4.05,3.98,4.02,493768
01/03/2017,4.0,4.0,3.9,3.97,947826
02/03/2017,3.97,3.97,3.9,3.95,356057
03/03/2017,3.95,4.0,3.86,4.0,658085
06/03/2017,4.02,4.05,3.97,3.97,767074
07/03/2017,4.0,4.0,3.93,3.95,342874
08/03/2017,3.95,4.21,3.91,4.09,3300268
09/03/2017,4.09,4.19,4.09,4.11,2499511
10/03/2017,4.09,4.21,4.09,4.16,3996520
13/03/2017,4.16,4.16,4.02,4.02,3149747
14/03/2017,4.02,4.07,3.98,4.0,1043292
15/03/2017,4.0,4.11,3.91,4.05,1841218
16/03/2017,4.07,4.11,4.05,4.07,1849057
17/03/2017,4.11,4.28,4.04,4.11,5329369
20/03/2017,4.12,4.21,4.11,4.19,5125254
21/03/2017,4.23,4.4,4.21,4.39,10618307
22/03/2017,4.39,4.49,4.37,4.39,4597625
23/03/2017,4.39,4.4,4.32,4.37,3086794
24/03/2017,4.37,4.55,4.35,4.48,7262960
27/03/2017,4.48,4.55,4.37,4.42,4647682
28/03/2017,4.42,4.44,4.32,4.33,3883267
29/03/2017,4.35,4.37,4.26,4.32,4693967
30/03/2017,4.32,4.39,4.3,4.33,2636139
31/03/2017,4.35,4.39,4.28,4.3,2374460
03/04/2017,4.3,4.39,4.23,4.39,4561999
04/04/2017,4.4,4.51,4.37,4.44,4282474
05/04/2017,4.44,4.51,4.4,4.42,2922560
07/04/2017,4.42,4.42,4.32,4.35,2654414
10/04/2017,4.35,4.39,4.25,4.28,4172644
11/04/2017,4.28,4.28,4.16,4.16,3447528
12/04/2017,4.16,4.19,4.04,4.05,4187963
13/04/2017,4.05,4.12,4.04,4.04,1942706
14/04/2017,4.04,4.07,3.95,4.02,2869490
17/04/2017,4.02,4.09,3.95,3.95,1791452
18/04/2017,3.97,4.02,3.91,4.02,1966220
19/04/2017,4.02,4.02,3.98,3.98,904604
20/04/2017,3.98,4.04,3.97,3.98,1029547
21/04/2017,3.98,4.0,3.95,3.98,1166146
24/04/2017,3.95,3.98,3.95,3.95,1041557
25/04/2017,3.91,3.97,3.88,3.88,1796943
26/04/2017,3.91,4.0,3.88,3.98,1183165
27/04/2017,3.98,4.04,3.97,3.98,867590
28/04/2017,3.97,4.11,3.9,4.07,3189572
03/05/2017,4.07,4.19,4.07,4.18,2622355
04/05/2017,4.19,4.21,4.14,4.18,1511935
05/05/2017,4.18,4.21,4.11,4.12,1540483
08/05/2017,4.11,4.14,4.04,4.05,1334252
09/05/2017,4.05,4.18,4.04,4.16,1873308
10/05/2017,4.19,4.21,4.14,4.16,1722684
11/05/2017,4.16,4.19,4.11,4.11,1225352
12/05/2017,4.14,4.16,4.11,4.14,1408743
15/05/2017,4.14,4.16,4.09,4.12,1557823
16/05/2017,4.09,4.26,4.09,4.19,4063912
17/05/2017,4.19,4.28,4.19,4.28,2463380
18/05/2017,4.28,4.4,4.25,4.3,4440070
19/05/2017,4.3,4.4,4.26,4.33,3380097
22/05/2017,4.33,4.51,4.33,4.4,8110171
23/05/2017,4.42,4.46,4.3,4.3,3154806
24/05/2017,4.3,4.48,4.3,4.42,2741337
25/05/2017,4.44,4.53,4.4,4.4,4482961
26/05/2017,4.4,4.42,4.37,4.39,1931186
29/05/2017,4.35,4.48,4.35,4.4,2434669
30/05/2017,4.4,4.49,4.37,4.39,3271836
31/05/2017,4.37,4.46,4.37,4.39,1808309
01/06/2017,4.39,4.46,4.35,4.35,2213300
02/06/2017,4.35,4.37,4.28,4.33,2357600
05/06/2017,4.33,4.42,4.33,4.35,2071223
06/06/2017,4.42,4.44,4.37,4.44,2786052
07/06/2017,4.48,4.69,4.42,4.63,9677631
08/06/2017,4.63,4.67,4.55,4.58,1793086
09/06/2017,4.56,4.65,4.56,4.6,1633448
12/06/2017,4.6,4.63,4.55,4.56,2711450
13/06/2017,4.56,4.7,4.55,4.65,2560207
14/06/2017,4.67,4.72,4.65,4.69,2095019
15/06/2017,4.69,4.7,4.63,4.63,2027588
16/06/2017,4.63,4.65,4.62,4.63,1073742
19/06/2017,4.67,4.69,4.63,4.67,2509473
20/06/2017,4.69,4.76,4.69,4.7,2009016
21/06/2017,4.7,4.72,4.58,4.62,3907011
22/06/2017,4.62,4.65,4.58,4.58,1990597
23/06/2017,4.56,4.58,4.49,4.51,2881921
26/06/2017,4.51,4.6,4.51,4.58,1201089
27/06/2017,4.56,4.6,4.53,4.55,681015
28/06/2017,4.53,4.56,4.49,4.53,861040
29/06/2017,4.53,4.58,4.53,4.56,928253
30/06/2017,4.58,4.6,4.55,4.55,663360
03/07/2017,4.56,4.69,4.56,4.63,2832824
04/07/2017,4.63,4.67,4.58,4.6,913620
05/07/2017,4.6,4.67,4.58,4.65,1489515
06/07/2017,4.65,4.67,4.62,4.65,1436039
07/07/2017,4.65,4.72,4.62,4.65,2656919
10/07/2017,4.65,4.67,4.53,4.55,2657063
11/07/2017,4.55,4.56,4.51,4.55,1562679
12/07/2017,4.55,4.6,4.55,4.55,1160871
13/07/2017,4.55,4.56,4.51,4.55,734955
14/07/2017,4.56,4.56,4.51,4.53,366894
17/07/2017,4.53,4.53,4.37,4.37,3160757
18/07/2017,4.37,4.44,4.35,4.4,2229835
19/07/2017,4.4,4.44,4.4,4.4,584611
20/07/2017,4.4,4.42,4.37,4.42,731184
21/07/2017,4.42,4.44,4.39,4.39,357297
24/07/2017,4.39,4.39,4.28,4.33,1117565
25/07/2017,4.37,4.4,4.35,4.4,808354
26/07/2017,4.4,4.51,4.4,4.49,651186
27/07/2017,4.44,4.51,4.4,4.46,581124
28/07/2017,4.48,4.55,4.48,4.53,718964
31/07/2017,4.56,4.6,4.53,4.56,1567378
01/08/2017,4.58,4.65,4.58,4.58,1566838
02/08/2017,4.55,4.58,4.51,4.58,1578560
03/08/2017,4.58,4.58,4.53,4.56,936752
04/08/2017,4.53,4.55,4.51,4.53,1200627
07/08/2017,4.53,4.62,4.53,4.56,1478734
08/08/2017,4.63,4.65,4.55,4.56,382940
09/08/2017,4.56,4.56,4.46,4.49,1649412
10/08/2017,4.46,4.51,4.44,4.46,1139760
11/08/2017,4.48,4.48,4.44,4.46,774623
14/08/2017,4.44,4.51,4.44,4.51,657975
15/08/2017,4.51,4.55,4.51,4.53,799795
16/08/2017,4.53,4.55,4.51,4.55,487273
17/08/2017,4.56,4.58,4.49,4.49,553039
18/08/2017,4.48,4.51,4.42,4.51,1175485
21/08/2017,4.51,4.7,4.51,4.6,4413094
22/08/2017,4.62,4.65,4.56,4.6,986115
23/08/2017,4.58,4.65,4.58,4.63,740021
24/08/2017,4.63,4.84,4.63,4.81,7254759
25/08/2017,4.81,4.97,4.81,4.84,2024567
28/08/2017,4.84,5.04,4.84,5.0,2649215
29/08/2017,5.0,5.18,4.93,5.02,4269159
30/08/2017,5.02,5.07,4.97,5.0,1653058
31/08/2017,5.02,5.18,5.02,5.04,2318417
01/09/2017,5.04,5.05,4.95,5.02,709220
05/09/2017,5.02,5.12,5.02,5.09,990815
06/09/2017,5.11,5.11,5.04,5.07,626895
07/09/2017,5.07,5.11,5.0,5.02,1174302
08/09/2017,5.02,5.04,4.91,4.93,1334473
11/09/2017,4.91,5.0,4.83,4.83,2132362
12/09/2017,4.83,4.93,4.81,4.88,1235103
13/09/2017,4.9,4.98,4.88,4.98,677371
14/09/2017,4.97,5.0,4.93,4.95,1994968
15/09/2017,4.95,5.0,4.91,4.93,1606884
18/09/2017,4.93,5.02,4.93,4.95,1222983
19/09/2017,4.95,5.04,4.93,4.93,1331569
20/09/2017,4.97,4.98,4.93,4.93,882705
21/09/2017,4.97,5.02,4.91,4.98,1389322
22/09/2017,4.98,5.14,4.98,5.12,3958618
25/09/2017,5.12,5.33,5.09,5.28,3381864
26/09/2017,5.32,5.41,5.28,5.37,2766949
27/09/2017,5.35,5.35,5.26,5.28,1153295
28/09/2017,5.81,5.81,5.26,5.32,1223493
29/09/2017,5.32,5.39,5.28,5.37,920886
02/10/2017,5.39,5.39,5.32,5.33,755459
03/10/2017,5.3,5.35,5.25,5.32,1368746
04/10/2017,5.32,5.42,5.32,5.42,1937080
05/10/2017,5.42,5.51,5.35,5.35,3049742
06/10/2017,5.35,5.51,5.35,5.49,2764427
09/10/2017,5.49,5.67,5.49,5.6,3064014
10/10/2017,5.44,5.67,5.44,5.6,1666381
11/10/2017,5.62,5.65,5.58,5.62,1813951
12/10/2017,5.62,5.63,5.56,5.58,1384961
13/10/2017,5.6,5.7,5.53,5.69,1752064
16/10/2017,5.69,5.76,5.67,5.74,1321717
17/10/2017,5.74,5.76,5.72,5.76,953781
18/10/2017,5.83,5.9,5.76,5.77,2272988
19/10/2017,5.77,5.79,5.65,5.69,1941687
20/10/2017,5.69,5.7,5.53,5.56,2328487
23/10/2017,5.56,5.56,5.39,5.39,2601188
24/10/2017,4.86,5.48,4.86,5.46,2602005
25/10/2017,5.48,5.63,5.44,5.6,1101897
26/10/2017,5.6,5.63,5.51,5.53,1924655
27/10/2017,5.53,5.6,5.48,5.6,909500
30/10/2017,5.63,5.69,5.49,5.49,1998813
31/10/2017,5.6,5.6,5.32,5.37,2365341
01/11/2017,5.37,5.44,5.37,5.39,954826
02/11/2017,5.39,5.41,5.23,5.23,3243328
03/11/2017,5.23,5.35,5.14,5.33,2147564
06/11/2017,5.26,5.42,5.26,5.41,798248
07/11/2017,5.41,5.46,5.39,5.41,1229311
08/11/2017,5.42,5.51,5.41,5.51,1340921
09/11/2017,5.51,5.56,5.48,5.53,1171786
10/11/2017,5.53,5.67,5.53,5.62,2280926
13/11/2017,5.63,5.67,5.56,5.58,1861000
14/11/2017,5.58,5.77,5.55,5.65,1848620
15/11/2017,5.76,5.79,5.65,5.7,1475303
16/11/2017,5.72,5.83,5.7,5.81,4200524
17/11/2017,5.83,5.86,5.72,5.81,2288362
20/11/2017,5.81,5.83,5.69,5.76,1424314
21/11/2017,5.76,5.88,5.7,5.76,2009143
22/11/2017,5.74,5.95,5.62,5.95,2907841
23/11/2017,5.95,6.11,5.91,5.97,2520785
24/11/2017,6.0,6.0,5.88,5.98,1537052
27/11/2017,5.98,6.07,5.93,6.0,1772248
28/11/2017,5.97,6.05,5.93,5.97,1486928
29/11/2017,5.97,6.07,5.97,6.05,1466786
30/11/2017,6.11,6.23,6.07,6.12,3947759
01/12/2017,6.14,6.19,6.11,6.18,2204688
04/12/2017,6.18,6.42,6.18,6.41,2828261
05/12/2017,6.42,6.42,6.14,6.14,2451061
06/12/2017,6.12,6.23,6.05,6.12,2935533
07/12/2017,6.12,6.35,6.12,6.35,2485591
08/12/2017,6.35,6.35,6.27,6.32,1018775
11/12/2017,6.3,6.3,6.14,6.21,2361314
12/12/2017,6.19,6.25,5.6,6.07,6629673
13/12/2017,6.07,6.11,5.79,5.93,1608497
14/12/2017,5.93,6.02,5.9,6.0,1835286
15/12/2017,6.0,6.05,5.95,6.0,1141285
18/12/2017,6.05,6.18,6.05,6.16,1869613
19/12/2017,6.21,6.21,6.09,6.11,1988171
20/12/2017,6.11,6.21,6.09,6.11,4205447
21/12/2017,6.18,6.18,6.09,6.09,4333480
22/12/2017,6.09,6.12,6.04,6.07,2073496
25/12/2017,6.07,6.14,6.02,6.05,3242655
26/12/2017,6.05,6.09,6.0,6.09,4904103
27/12/2017,6.09,6.44,6.09,6.41,6668024
28/12/2017,6.42,6.51,6.42,6.46,5694848
29/12/2017,6.49,6.58,6.42,6.48,4466849
02/01/2018,6.49,6.83,6.46,6.81,3657426
03/01/2018,6.81,6.86,6.67,6.79,5056543
04/01/2018,6.79,6.83,6.74,6.81,6365641
05/01/2018,6.84,6.93,6.74,6.81,6453452
08/01/2018,6.81,7.04,6.81,7.04,3879771
09/01/2018,7.05,7.14,6.84,7.07,4745410
10/01/2018,7.11,7.14,6.91,6.98,4638024
11/01/2018,6.98,7.02,6.84,7.02,4924236
12/01/2018,7.02,7.05,6.83,6.86,7568499
15/01/2018,6.86,6.9,6.72,6.84,3366618
16/01/2018,6.84,6.9,6.76,6.81,3387031
17/01/2018,6.81,7.05,6.79,6.84,4081715
18/01/2018,6.72,6.93,6.72,6.93,3733257
19/01/2018,6.95,7.09,6.88,6.93,4677507
22/01/2018,6.93,7.11,6.93,7.05,4545380
23/01/2018,7.11,7.34,7.05,7.27,7923102
24/01/2018,7.32,7.42,7.21,7.21,4139581
25/01/2018,7.23,7.49,7.07,7.34,8429425
26/01/2018,7.37,7.46,7.25,7.39,4970555
29/01/2018,7.37,7.51,7.35,7.37,4937869
30/01/2018,7.35,7.35,7.23,7.3,3927399
31/01/2018,7.3,7.46,7.28,7.32,6436073
01/02/2018,7.32,7.35,7.14,7.2,6434280
02/02/2018,7.2,7.32,7.18,7.28,3810505
05/02/2018,7.3,7.39,7.0,7.02,5066909
06/02/2018,6.77,6.93,6.34,6.83,7329750
07/02/2018,6.86,7.35,6.86,7.14,2625378
08/02/2018,7.14,7.23,6.93,6.93,2011871
09/02/2018,6.41,7.05,6.41,7.0,3861562
12/02/2018,7.14,7.37,7.14,7.37,2149455
13/02/2018,7.46,7.74,7.37,7.67,5453039
21/02/2018,7.67,7.95,7.67,7.81,3300915
22/02/2018,7.86,7.9,7.7,7.76,3505413
23/02/2018,7.76,7.9,7.7,7.84,4133818
26/02/2018,7.86,8.11,7.86,7.95,10048941
27/02/2018,7.97,8.16,7.93,8.14,4107205
28/02/2018,8.16,8.32,8.04,8.25,4274179
01/03/2018,8.25,8.34,8.02,8.07,5379316
02/03/2018,8.07,8.2,7.93,8.16,5264337
05/03/2018,8.16,8.27,7.72,7.72,6171135
06/03/2018,7.72,8.06,7.7,8.06,4279645
07/03/2018,8.07,8.14,7.88,7.93,5017215
08/03/2018,8.04,8.04,7.9,7.95,4041111
09/03/2018,7.98,8.23,7.97,8.21,4829484
12/03/2018,8.25,8.53,8.25,8.53,4944538
13/03/2018,8.55,8.63,8.42,8.63,3683159
14/03/2018,8.86,8.95,8.6,8.63,2974601
15/03/2018,8.65,8.7,8.53,8.67,4032484
16/03/2018,8.74,8.9,8.69,8.84,4163554
19/03/2018,8.95,9.07,8.88,9.07,4889388
20/03/2018,9.17,9.36,9.07,9.34,4552573
21/03/2018,9.34,9.42,9.17,9.25,6287554
22/03/2018,9.25,9.29,9.03,9.07,5892543
23/03/2018,9.07,9.07,8.59,8.88,6436238
26/03/2018,8.88,9.13,8.8,9.13,2814607
27/03/2018,9.19,9.32,9.11,9.17,3305080
28/03/2018,9.15,9.19,9.01,9.05,2276552
29/03/2018,9.11,9.11,9.0,9.0,2039780
30/03/2018,8.88,9.05,8.88,9.01,2092042
02/04/2018,9.03,9.5,9.03,9.5,4372662
03/04/2018,9.5,9.56,9.36,9.46,3577394
04/04/2018,9.46,9.61,9.44,9.48,3555414
05/04/2018,9.5,9.61,9.46,9.61,3934100
06/04/2018,9.63,9.92,9.61,9.83,5500996
09/04/2018,9.85,9.94,9.73,9.86,3474752
10/04/2018,9.88,9.96,9.67,9.75,4550311
11/04/2018,9.75,9.83,9.42,9.42,6377260
12/04/2018,9.29,9.63,9.29,9.63,3604332
13/04/2018,9.65,9.73,9.34,9.36,3102131
16/04/2018,9.34,9.48,9.21,9.38,2787061
17/04/2018,9.38,9.56,9.32,9.56,3122300
18/04/2018,9.56,9.71,9.4,9.44,3237045
19/04/2018,9.27,9.46,9.11,9.21,4945285
20/04/2018,9.27,9.32,9.15,9.29,3450025
23/04/2018,9.34,9.42,8.49,8.59,8144218
24/04/2018,8.61,8.76,8.34,8.57,3660608
26/04/2018,8.59,8.59,7.82,7.84,7285702
27/04/2018,7.07,8.49,7.07,8.18,4667596
02/05/2018,8.3,8.32,8.01,8.11,2669126
03/05/2018,7.64,8.46,7.64,8.4,3695726
04/05/2018,8.4,8.53,8.34,8.42,2929704
07/05/2018,8.44,8.88,8.42,8.88,4340830
08/05/2018,8.88,8.92,8.74,8.76,2703990
09/05/2018,8.76,8.76,8.51,8.57,2964394
10/05/2018,8.57,8.65,8.11,8.18,4538604
11/05/2018,8.18,8.53,8.01,8.49,3944111
14/05/2018,8.51,8.61,8.4,8.55,1239598
15/05/2018,8.61,8.74,8.49,8.59,2883487
16/05/2018,8.55,9.44,8.3,8.3,3938151
17/05/2018,8.2,8.42,8.2,8.28,2023797
18/05/2018,8.28,8.38,7.93,8.26,2708148
21/05/2018,8.32,8.36,8.15,8.15,1908680
22/05/2018,8.11,8.11,7.74,7.93,4833825
23/05/2018,7.95,8.01,7.76,8.01,2846035
24/05/2018,8.05,8.05,7.9,7.91,1360084
25/05/2018,7.91,8.01,7.7,7.72,3370106
28/05/2018,7.63,7.68,6.95,6.99,6642188
29/05/2018,6.29,7.64,6.29,7.59,4694583
30/05/2018,7.63,7.66,7.39,7.41,3049815
31/05/2018,7.41,7.72,7.37,7.72,3560671
01/06/2018,7.72,7.95,7.61,7.82,5402896
04/06/2018,7.72,8.11,7.63,8.11,5546226
05/06/2018,8.11,8.17,7.97,8.05,4692768
06/06/2018,8.05,8.4,7.97,8.36,5668743
07/06/2018,8.36,8.42,8.18,8.18,5212644
08/06/2018,8.18,8.38,8.17,8.32,3702961
11/06/2018,8.34,8.46,8.17,8.22,4129106
12/06/2018,8.49,8.49,7.8,8.03,6941376
13/06/2018,8.05,8.15,7.91,8.01,2338458
14/06/2018,8.01,8.11,7.84,7.84,3797018
15/06/2018,7.88,8.03,7.76,7.97,3289834
18/06/2018,7.99,8.07,7.66,7.68,5078608
19/06/2018,7.68,7.68,7.12,7.53,8643727
20/06/2018,7.53,7.68,7.45,7.61,2915611
21/06/2018,7.63,7.63,7.35,7.37,1583386
22/06/2018,7.35,7.63,7.24,7.61,2637598
25/06/2018,7.55,7.76,7.35,7.59,2808160
26/06/2018,7.59,7.59,7.41,7.47,2232783
27/06/2018,7.53,7.57,7.24,7.24,2689583
28/06/2018,7.24,7.24,6.93,6.97,5075935
29/06/2018,6.99,7.1,6.85,6.87,3031531
02/07/2018,6.87,6.87,6.33,6.43,6858520
03/07/2018,6.45,6.56,5.91,5.98,7375018
04/07/2018,5.89,6.18,5.89,6.18,4127586
05/07/2018,6.04,6.18,5.69,5.77,4948503
06/07/2018,5.6,6.33,5.6,6.33,7854475
09/07/2018,6.37,6.58,6.33,6.37,4587386
10/07/2018,6.37,6.6,6.35,6.54,3244193
11/07/2018,6.45,6.47,5.98,6.16,7023863
12/07/2018,6.76,6.76,6.16,6.39,4150902
13/07/2018,6.39,6.66,5.98,6.6,3940996
16/07/2018,6.66,6.79,6.6,6.66,3769038
17/07/2018,6.93,6.93,6.54,6.87,5135363
18/07/2018,6.95,7.05,6.76,6.99,4359010
19/07/2018,6.99,6.99,6.79,6.83,6338767
20/07/2018,6.83,7.1,6.68,7.1,8925712
23/07/2018,7.12,7.14,6.89,6.89,4970456
24/07/2018,6.89,7.24,6.66,6.79,4390214
25/07/2018,7.24,7.24,6.56,6.56,4478560
26/07/2018,5.91,6.89,5.91,6.72,6326835
27/07/2018,6.76,6.93,6.74,6.87,4283058
30/07/2018,6.89,7.05,6.87,6.97,3446870
31/07/2018,6.95,7.05,6.87,6.91,4169999
01/08/2018,6.91,6.97,6.78,6.85,3370615
02/08/2018,6.85,6.87,6.7,6.85,4547726
03/08/2018,6.91,7.03,6.85,6.85,3765836
06/08/2018,6.85,6.91,6.74,6.79,2378607
07/08/2018,6.81,6.91,6.74,6.85,3340719
08/08/2018,6.87,7.08,6.85,7.08,6086041
09/08/2018,7.08,7.26,7.08,7.1,6024097
10/08/2018,7.1,7.2,6.99,7.2,4939666
13/08/2018,7.2,7.35,7.1,7.35,7344210
14/08/2018,7.41,7.41,7.24,7.24,3333384
15/08/2018,7.28,7.35,7.12,7.14,6050256
16/08/2018,7.1,7.18,6.95,7.1,6703679
17/08/2018,7.1,7.26,7.1,7.1,3162682
20/08/2018,7.12,7.2,7.05,7.08,3250515
21/08/2018,7.08,7.32,7.08,7.32,5164728
22/08/2018,7.34,7.41,7.28,7.3,4526943
23/08/2018,7.32,7.39,7.28,7.37,3014955
24/08/2018,7.37,7.59,7.32,7.49,7614923
27/08/2018,7.53,7.63,7.49,7.49,3180882
28/08/2018,7.51,7.57,7.49,7.51,5158953
29/08/2018,7.59,7.63,7.49,7.59,4615659
30/08/2018,7.61,7.66,7.57,7.66,4212097
31/08/2018,7.66,7.66,7.51,7.55,4286128
04/09/2018,7.51,7.53,7.3,7.34,5963473
05/09/2018,7.32,7.39,7.18,7.26,4808542
06/09/2018,7.55,7.59,7.24,7.26,3164832
07/09/2018,7.26,7.41,7.26,7.41,2485961
10/09/2018,7.41,7.41,6.84,7.28,3148899
11/09/2018,7.26,7.37,7.26,7.33,3898476
12/09/2018,7.37,7.39,7.3,7.3,2964205
13/09/2018,7.33,7.5,7.3,7.41,6398577
14/09/2018,7.41,7.53,7.41,7.48,4140257
17/09/2018,7.48,7.48,7.37,7.37,1908269
18/09/2018,7.33,7.44,7.3,7.44,2411600
19/09/2018,7.46,7.53,7.41,7.44,2798730
20/09/2018,7.44,7.53,7.41,7.5,3473652
21/09/2018,7.53,7.64,7.5,7.64,7293427
24/09/2018,7.66,7.7,7.61,7.61,2805624
25/09/2018,7.59,7.68,7.55,7.55,3999558
26/09/2018,7.55,7.64,7.5,7.53,2915363
27/09/2018,7.53,7.57,7.48,7.53,2942652
28/09/2018,7.55,7.66,7.53,7.57,3783478
01/10/2018,7.57,7.64,7.48,7.48,3222310
02/10/2018,7.48,7.5,7.33,7.39,5220366
03/10/2018,7.55,7.55,7.37,7.44,1954922
04/10/2018,7.44,7.59,7.44,7.55,3180913
05/10/2018,7.55,7.59,7.46,7.46,4183777
08/10/2018,7.44,7.53,7.41,7.48,2175364
09/10/2018,7.48,7.53,7.46,7.48,3010019
10/10/2018,7.48,7.53,7.44,7.46,2803041
11/10/2018,7.39,7.39,6.75,6.88,9392018
12/10/2018,6.79,7.1,6.66,7.1,4923922
15/10/2018,7.15,7.15,6.88,6.88,2403128
16/10/2018,6.88,6.99,6.88,6.95,1942897
17/10/2018,7.04,7.1,6.97,6.99,2292759
18/10/2018,6.99,6.99,6.86,6.88,1691619
19/10/2018,6.86,7.1,6.7,6.88,2186199
22/10/2018,6.88,6.95,6.84,6.84,1648420
23/10/2018,6.84,6.84,6.55,6.57,4059421
24/10/2018,6.57,6.73,6.5,6.5,3420367
25/10/2018,6.42,6.53,6.13,6.42,5147562
26/10/2018,6.46,6.64,6.28,6.28,2884427
29/10/2018,6.28,6.3,6.1,6.22,3999762
30/10/2018,6.22,6.46,6.17,6.33,3626018
31/10/2018,6.35,6.73,6.35,6.73,4795396
01/11/2018,6.73,6.79,6.5,6.5,2904172
02/11/2018,6.55,6.75,6.55,6.75,4366028
05/11/2018,6.75,6.77,6.57,6.7,3088300
06/11/2018,6.7,6.75,6.53,6.53,2657882
07/11/2018,6.55,6.59,6.44,6.5,2944403
08/11/2018,6.59,6.66,6.5,6.53,2607660
09/11/2018,6.53,6.57,6.37,6.37,2981239
12/11/2018,6.37,6.39,6.28,6.37,1775059
13/11/2018,6.35,6.35,6.22,6.28,2753099
14/11/2018,6.26,6.33,6.08,6.13,3291576
15/11/2018,6.02,6.24,6.02,6.1,2698586
16/11/2018,6.1,6.42,6.1,6.33,3519615
19/11/2018,6.28,6.44,6.28,6.44,2238672
20/11/2018,6.44,6.44,6.35,6.42,2168097
21/11/2018,6.35,6.44,6.28,6.42,2458849
22/11/2018,6.64,6.68,6.46,6.53,4403748
23/11/2018,6.55,6.55,6.44,6.44,2688110
26/11/2018,6.33,6.46,6.33,6.46,1633057
27/11/2018,6.46,6.5,6.35,6.39,2599848
28/11/2018,5.95,6.55,5.95,6.53,3171523
29/11/2018,6.55,6.66,6.55,6.55,3544622
30/11/2018,6.1,6.68,6.1,6.62,2971296
03/12/2018,6.64,6.95,6.64,6.95,4691062
04/12/2018,6.95,7.01,6.84,6.9,2802120
05/12/2018,6.86,6.93,6.75,6.88,3447060
06/12/2018,6.84,6.95,6.79,6.84,3345040
07/12/2018,6.86,6.95,6.79,6.79,2288776
10/12/2018,6.77,6.86,6.64,6.77,2669530
11/12/2018,6.1,6.88,6.1,6.79,2484639
12/12/2018,6.73,6.86,6.73,6.86,1157684
13/12/2018,6.88,6.9,6.81,6.81,1772531
14/12/2018,6.81,6.81,6.75,6.75,2099130
17/12/2018,6.73,6.75,6.57,6.57,2746380
18/12/2018,6.53,6.57,6.44,6.57,2694145
19/12/2018,7.21,7.21,6.48,6.57,1319853
20/12/2018,6.53,6.59,6.5,6.57,1170804
21/12/2018,6.55,6.55,6.46,6.53,1670803
24/12/2018,6.22,6.55,6.22,6.44,2237789
25/12/2018,6.39,6.39,6.24,6.39,4310235
26/12/2018,5.77,6.44,5.77,6.37,1518665
27/12/2018,6.53,6.59,6.44,6.53,2409678
28/12/2018,6.55,6.57,6.44,6.57,2193351
02/01/2019,6.57,6.57,6.42,6.48,1103106
03/01/2019,5.84,6.46,5.84,6.24,1956382
04/01/2019,6.22,6.33,6.13,6.28,2771983
07/01/2019,6.42,6.42,6.33,6.37,1305819
08/01/2019,6.97,6.97,6.33,6.33,846226
09/01/2019,6.35,6.46,6.33,6.44,2196358
10/01/2019,6.44,6.46,6.42,6.42,1378687
11/01/2019,6.44,6.46,6.39,6.42,1250077
14/01/2019,6.39,6.42,6.37,6.37,937155
15/01/2019,6.26,6.46,5.88,6.46,901146
16/01/2019,6.46,6.5,6.39,6.39,509354
17/01/2019,6.42,6.46,6.39,6.42,737519
18/01/2019,6.44,6.44,6.3,6.35,1412966
21/01/2019,6.37,6.66,6.37,6.55,2079830
22/01/2019,6.59,6.62,6.46,6.46,1845725
23/01/2019,6.44,6.48,6.42,6.46,1160094
24/01/2019,6.48,6.55,6.44,6.48,1743450
25/01/2019,6.62,6.62,6.46,6.48,836534
28/01/2019,6.48,6.5,6.22,6.42,997088
29/01/2019,6.39,6.44,6.35,6.44,1091518
30/01/2019,6.88,6.88,6.44,6.5,1565464
31/01/2019,6.57,6.62,6.5,6.53,1674668
01/02/2019,6.53,6.57,6.5,6.55,781100
11/02/2019,6.62,6.86,6.57,6.7,1713857
12/02/2019,6.7,6.79,6.7,6.77,2059630
13/02/2019,6.79,6.81,6.73,6.77,2093177
14/02/2019,6.77,6.77,6.68,6.68,1357835
15/02/2019,6.68,6.75,6.66,6.7,2176902
18/02/2019,6.7,6.77,6.7,6.75,1908779
19/02/2019,6.77,6.77,6.7,6.73,2754758
20/02/2019,6.73,6.77,6.7,6.75,1693486
21/02/2019,6.75,6.81,6.68,6.68,2970459
22/02/2019,6.7,6.84,6.66,6.77,3974330
25/02/2019,6.81,6.97,6.77,6.88,3874034
26/02/2019,6.84,6.93,6.79,6.84,2277127
27/02/2019,6.84,6.86,6.77,6.79,1544839
28/02/2019,6.84,6.84,6.59,6.59,3793504
01/03/2019,6.62,6.68,6.55,6.66,1478830
04/03/2019,6.66,6.77,6.64,6.75,3120806
05/03/2019,6.75,6.81,6.68,6.73,2465893
06/03/2019,6.7,6.75,6.66,6.73,1178516
07/03/2019,6.75,6.81,6.73,6.77,3301746
08/03/2019,6.75,6.79,6.7,6.73,1416810
11/03/2019,6.73,6.79,6.7,6.75,1032198
12/03/2019,6.77,6.86,6.73,6.86,2504257
13/03/2019,6.9,7.04,6.86,6.97,5473410
14/03/2019,6.97,7.1,6.95,6.99,2333220
15/03/2019,7.01,7.06,6.95,7.04,2649931
18/03/2019,7.06,7.15,7.04,7.08,3739699
19/03/2019,7.1,7.1,6.93,6.95,2828856
20/03/2019,6.97,6.97,6.81,6.88,3143264
21/03/2019,6.88,6.97,6.75,6.75,2939770
22/03/2019,6.75,6.81,6.75,6.77,1819172
25/03/2019,6.75,6.75,6.64,6.68,2275202
26/03/2019,6.7,6.75,6.68,6.73,1540206
27/03/2019,6.75,6.79,6.7,6.75,856984
28/03/2019,6.75,6.77,6.7,6.73,1366727
29/03/2019,6.73,6.77,6.7,6.73,1915257
01/04/2019,6.73,6.77,6.73,6.73,751744
02/04/2019,6.77,6.81,6.73,6.73,1184570
03/04/2019,6.77,6.77,6.64,6.68,1394796
04/04/2019,6.64,6.73,6.64,6.7,1091143
05/04/2019,6.7,6.75,6.68,6.7,767879
08/04/2019,6.7,6.86,6.7,6.84,2224599
09/04/2019,6.84,6.88,6.77,6.77,1801683
10/04/2019,6.73,6.77,6.7,6.7,868574
11/04/2019,6.79,6.79,6.68,6.73,905666
12/04/2019,6.7,6.73,6.66,6.7,1051329
16/04/2019,6.7,6.7,6.62,6.66,1328836
17/04/2019,6.68,6.73,6.64,6.64,688254
18/04/2019,6.5,6.66,6.5,6.59,1019057
19/04/2019,6.62,6.64,6.57,6.57,599302
22/04/2019,6.59,6.59,6.46,6.5,1362678
23/04/2019,6.53,6.64,6.46,6.57,1651748
24/04/2019,6.59,6.7,6.55,6.68,1062284
25/04/2019,6.68,6.75,6.64,6.66,745480
26/04/2019,6.66,6.7,6.64,6.68,1123078
02/05/2019,6.7,6.73,6.59,6.59,1134878
03/05/2019,6.62,6.66,6.62,6.66,1115126
06/05/2019,6.66,6.66,6.53,6.53,1381176
07/05/2019,6.66,6.66,6.48,6.55,869471
08/05/2019,6.5,6.57,6.46,6.55,1019991
09/05/2019,6.53,6.55,6.46,6.46,603773
10/05/2019,6.46,6.53,6.44,6.5,646916
13/05/2019,6.53,6.57,6.48,6.48,913337
14/05/2019,6.48,6.5,6.42,6.46,1601854
15/05/2019,6.46,6.59,6.46,6.55,1290890
16/05/2019,6.57,6.57,6.48,6.5,1467241
17/05/2019,6.5,6.53,6.48,6.48,852070
20/05/2019,6.5,6.55,6.46,6.5,675438
21/05/2019,6.53,6.59,6.5,6.53,1385291
22/05/2019,6.53,6.64,6.53,6.57,1274690
23/05/2019,6.64,6.66,6.5,6.55,630966
24/05/2019,6.04,6.55,6.04,6.48,891367
27/05/2019,6.46,6.48,6.44,6.44,911886
28/05/2019,6.44,6.48,6.42,6.42,941132
29/05/2019,6.42,6.48,6.37,6.48,1083726
30/05/2019,6.46,6.48,6.44,6.46,725399
31/05/2019,6.44,6.46,6.37,6.44,1025615
03/06/2019,6.37,6.44,6.35,6.37,1150302
04/06/2019,6.37,6.44,6.35,6.35,870018
05/06/2019,6.35,6.42,6.35,6.42,1056785
06/06/2019,6.42,6.42,6.3,6.33,912088
07/06/2019,6.33,6.39,6.33,6.37,282088
10/06/2019,6.37,6.42,6.35,6.35,463155
11/06/2019,6.35,6.37,6.35,6.35,563995
12/06/2019,6.35,6.37,6.33,6.33,557708
13/06/2019,6.33,6.37,6.33,6.35,846792
14/06/2019,6.35,6.44,6.35,6.37,1047441
17/06/2019,6.37,6.42,6.35,6.37,896432
18/06/2019,6.37,6.44,6.37,6.42,769216
19/06/2019,6.42,6.46,6.39,6.42,506197
20/06/2019,6.42,6.57,6.39,6.57,1436398
21/06/2019,6.57,6.66,6.53,6.55,826692
24/06/2019,6.55,6.59,6.53,6.55,1421227
25/06/2019,6.55,6.57,6.44,6.48,1331315
26/06/2019,6.44,6.48,6.44,6.44,389568
27/06/2019,6.44,6.46,6.35,6.35,873525
28/06/2019,6.35,6.42,6.33,6.42,670700
01/07/2019,6.53,6.53,6.44,6.48,640739
02/07/2019,6.48,6.48,6.42,6.42,388434
03/07/2019,6.44,6.46,6.37,6.39,643573
04/07/2019,6.42,6.5,6.42,6.48,925764
05/07/2019,6.5,6.53,6.46,6.48,799873
08/07/2019,6.48,6.53,6.42,6.44,428679
09/07/2019,6.44,6.62,6.44,6.62,2778824
10/07/2019,6.62,6.66,6.57,6.57,1121395
11/07/2019,6.57,6.75,6.57,6.7,2082872
12/07/2019,6.73,6.75,6.66,6.68,888185
15/07/2019,6.68,6.7,6.64,6.66,933272
16/07/2019,6.66,6.75,6.66,6.7,1196262
17/07/2019,6.7,6.86,6.7,6.81,2508774
18/07/2019,6.75,6.84,6.7,6.84,1601573
19/07/2019,7.1,7.1,6.84,6.93,2877999
22/07/2019,7.61,7.61,6.81,6.88,1903199
23/07/2019,6.88,6.9,6.81,6.84,1951764
24/07/2019,6.84,6.9,6.73,6.81,3961188
25/07/2019,6.87,6.96,6.84,6.84,2097782
26/07/2019,6.87,6.87,6.72,6.75,1052101
29/07/2019,6.7,6.75,6.61,6.64,1258626
30/07/2019,6.58,6.72,6.58,6.61,1100105
31/07/2019,6.67,6.67,6.55,6.58,893714
01/08/2019,6.55,6.64,6.46,6.49,1903052
02/08/2019,6.49,6.52,6.35,6.44,1774559
05/08/2019,6.44,6.44,6.29,6.35,2538864
06/08/2019,5.92,6.32,5.92,6.26,1820835
07/08/2019,6.29,6.35,6.23,6.23,1031673
08/08/2019,5.95,6.35,5.77,6.35,1066927
09/08/2019,6.18,6.44,6.18,6.32,726110
12/08/2019,6.35,6.35,6.29,6.35,578401
13/08/2019,6.32,6.35,6.23,6.32,574727
14/08/2019,6.35,6.41,6.26,6.26,906910
15/08/2019,6.26,6.26,6.15,6.26,1470311
16/08/2019,6.32,6.38,6.2,6.32,1536110
19/08/2019,6.35,6.44,6.32,6.35,1209980
20/08/2019,6.38,6.44,6.38,6.41,1318890
21/08/2019,6.41,6.46,6.38,6.44,2791144
22/08/2019,6.49,6.58,6.46,6.55,1653260
23/08/2019,6.55,6.58,6.46,6.52,815330
26/08/2019,6.49,6.49,6.38,6.49,1015427
27/08/2019,6.46,6.52,6.44,6.49,1016097
28/08/2019,6.46,6.49,6.41,6.41,513225
29/08/2019,6.44,6.46,6.35,6.38,636900
30/08/2019,6.44,6.49,6.38,6.41,544010
03/09/2019,6.41,6.46,6.32,6.38,484897
04/09/2019,6.38,6.38,6.29,6.35,365320
05/09/2019,6.38,6.38,6.32,6.35,625327
06/09/2019,6.35,6.38,6.26,6.32,516662
09/09/2019,6.29,6.35,6.26,6.32,369511
10/09/2019,6.32,6.32,6.23,6.26,821441
11/09/2019,6.26,6.29,6.23,6.29,429890
12/09/2019,6.32,6.41,6.29,6.41,622048
13/09/2019,6.44,6.52,6.38,6.52,1325067
16/09/2019,6.52,6.55,6.44,6.46,1238267
17/09/2019,6.46,6.46,6.38,6.44,1189898
18/09/2019,6.44,6.52,6.41,6.46,1542208
19/09/2019,6.46,6.7,6.44,6.67,3421555
20/09/2019,6.78,7.33,6.67,6.7,2535289
23/09/2019,6.7,6.81,6.67,6.72,2878182
24/09/2019,6.72,6.75,6.67,6.7,1324749
25/09/2019,6.67,6.7,6.61,6.64,1522720
26/09/2019,6.64,6.72,6.61,6.72,2320597
27/09/2019,7.21,7.21,6.7,6.7,2163685
30/09/2019,6.72,6.81,6.7,6.75,2304040
01/10/2019,6.75,6.84,6.72,6.84,1846967
02/10/2019,6.78,6.87,6.78,6.81,2160049
03/10/2019,6.78,6.81,6.72,6.81,1856827
04/10/2019,6.81,6.87,6.78,6.81,1582366
07/10/2019,6.81,6.81,6.7,6.7,1931392
08/10/2019,6.7,6.75,6.67,6.72,1159716
09/10/2019,6.75,6.84,6.72,6.84,1715656
10/10/2019,6.84,7.01,6.84,6.93,4857384
11/10/2019,6.93,6.98,6.9,6.93,1525076
14/10/2019,6.93,7.07,6.93,7.07,3538655
15/10/2019,7.07,7.1,7.01,7.04,2327203
16/10/2019,7.07,7.1,7.04,7.04,2073772
17/10/2019,7.01,7.04,6.96,7.04,1915729
18/10/2019,7.07,7.07,6.93,6.96,1865732
21/10/2019,6.93,6.98,6.75,6.75,2742188
22/10/2019,6.75,6.78,6.72,6.78,1660272
23/10/2019,6.78,6.84,6.78,6.78,983685
24/10/2019,6.81,6.81,6.75,6.81,921275
25/10/2019,6.81,6.81,6.75,6.81,1105479
28/10/2019,6.81,6.9,6.81,6.84,1090296
29/10/2019,6.87,6.9,6.81,6.84,1702377
30/10/2019,6.87,7.04,6.81,7.01,7431303
31/10/2019,7.01,7.04,6.49,6.96,1293107
01/11/2019,6.84,7.01,6.84,6.98,1907428
04/11/2019,6.98,7.13,6.98,7.1,3939389
05/11/2019,7.13,7.19,7.1,7.1,3578931
06/11/2019,7.16,7.16,7.07,7.1,2507149
07/11/2019,7.1,7.13,7.07,7.1,2102499
08/11/2019,7.19,7.24,7.1,7.16,3921492
11/11/2019,7.16,7.19,7.13,7.13,1719955
12/11/2019,7.13,7.13,7.07,7.13,1574994
13/11/2019,7.13,7.3,7.13,7.21,3575361
14/11/2019,7.21,7.24,7.07,7.07,2291325
15/11/2019,7.04,7.1,7.04,7.04,1652242
18/11/2019,7.04,7.07,6.93,6.96,2764302
19/11/2019,6.96,6.98,6.93,6.98,1398481
20/11/2019,7.01,7.01,6.9,6.9,1357644
21/11/2019,6.35,6.96,6.35,6.93,1782516
22/11/2019,6.93,6.93,6.67,6.7,3363603
25/11/2019,6.72,6.81,6.7,6.75,1949233
26/11/2019,6.78,6.84,6.78,6.81,577968
27/11/2019,6.81,6.84,6.7,6.7,952900
28/11/2019,6.72,6.72,6.58,6.61,1688171
29/11/2019,6.61,6.67,6.58,6.67,800193
02/12/2019,6.67,6.7,6.49,6.52,1640609
03/12/2019,6.55,6.61,6.46,6.52,1422078
04/12/2019,6.55,6.67,6.49,6.67,1314925
05/12/2019,6.7,6.7,6.61,6.64,1242216
06/12/2019,6.64,6.67,6.61,6.64,698762
09/12/2019,6.64,6.64,6.55,6.61,814425
10/12/2019,6.61,6.64,6.52,6.58,573899
11/12/2019,6.58,6.61,6.52,6.61,785569
12/12/2019,6.61,6.67,6.61,6.64,656342
13/12/2019,6.64,6.72,6.64,6.7,1445939
16/12/2019,6.7,6.7,6.64,6.64,951838
17/12/2019,6.64,6.64,6.58,6.58,940104
18/12/2019,6.55,6.58,6.49,6.49,1132793
19/12/2019,6.52,6.52,6.46,6.49,625416
20/12/2019,6.52,6.55,6.49,6.55,1043390
23/12/2019,6.55,6.64,6.55,6.58,1786089
24/12/2019,6.61,6.61,6.55,6.55,821359
25/12/2019,6.58,6.61,6.52,6.61,1121331
26/12/2019,6.58,6.58,6.52,6.52,893827
27/12/2019,6.52,6.55,6.49,6.55,906262
30/12/2019,6.55,6.61,6.52,6.55,1367912
31/12/2019,6.55,6.61,6.49,6.58,1649842
