date,open,high,low,close,volume,symbol
2022/12/14,13.54,13.75,13.34,13.57,3294738,ACB
2022/12/15,13.48,13.78,13.48,13.6,4116001,ACB
2022/12/16,13.48,13.72,13.4,13.48,2221946,ACB
2022/12/19,13.42,13.63,13.34,13.34,3384971,ACB
2022/12/20,13.34,13.42,13.01,13.22,2569365,ACB
2022/12/21,13.25,13.48,13.07,13.37,1888423,ACB
2022/12/22,13.48,13.48,13.34,13.42,1959813,ACB
2022/12/23,13.42,13.42,13.07,13.42,1736555,ACB
2022/12/26,13.42,13.42,12.96,12.96,1779728,ACB
2022/12/27,12.96,13.25,12.9,12.96,2041994,ACB
2022/12/28,12.96,13.16,12.87,12.9,1827577,ACB
2022/12/29,12.9,13.13,12.78,12.9,1810363,ACB
2022/12/30,12.9,13.01,12.78,12.84,1340931,ACB
2023/01/03,12.9,13.31,12.87,13.31,1550148,ACB
2023/01/04,13.4,13.4,13.22,13.28,1643309,ACB
2023/01/05,13.34,13.48,13.28,13.4,2107285,ACB
2023/01/06,13.37,13.69,13.25,13.57,3407310,ACB
2023/01/09,13.69,13.69,13.45,13.54,1748795,ACB
2023/01/10,13.63,13.75,13.45,13.75,3062873,ACB
2023/01/11,13.84,14.33,13.75,14.19,5342324,ACB
2023/01/12,14.19,14.45,14.19,14.36,2883106,ACB
2023/01/13,14.42,14.54,14.16,14.16,2156614,ACB
2023/01/16,14.16,14.66,14.16,14.66,3541375,ACB
2023/01/17,14.69,14.92,14.63,14.83,3988618,ACB
2023/01/18,14.83,15.07,14.71,14.95,5439101,ACB
2023/01/19,14.95,15.24,14.92,15.24,5525817,ACB
2023/01/27,15.45,15.54,15.18,15.45,3758988,ACB
2023/01/30,15.42,15.45,14.89,14.89,5403319,ACB
2023/01/31,14.89,15.27,14.66,15.27,3485014,ACB
2023/02/01,15.3,15.39,14.71,14.77,3485902,ACB
2023/02/02,14.74,15.01,14.54,14.66,2886290,ACB
2023/02/03,14.66,14.8,14.3,14.36,9534382,ACB
2023/02/06,14.3,14.74,14.16,14.6,2397652,ACB
2023/02/07,14.66,14.71,14.3,14.42,2471469,ACB
2023/02/08,14.54,14.69,14.39,14.45,1924125,ACB
2023/02/09,14.45,14.71,14.36,14.36,3227424,ACB
2023/02/10,14.42,14.51,14.19,14.19,2009129,ACB
2023/02/13,14.16,14.16,13.95,14.01,2593039,ACB
2023/02/14,14.13,14.13,13.95,13.98,1439656,ACB
2023/02/15,14.01,14.45,13.92,14.39,3332041,ACB
2023/02/16,14.54,14.54,14.3,14.54,1625191,ACB
2023/02/17,14.57,14.63,14.39,14.54,1717468,ACB
2023/02/20,14.48,15.12,14.45,15.12,4907140,ACB
2023/02/21,15.12,15.24,14.95,14.95,1720729,ACB
2023/02/22,14.77,14.98,14.57,14.57,2654851,ACB
2023/02/23,14.51,14.95,14.22,14.89,3862411,ACB
2023/02/24,14.66,14.83,14.39,14.42,2228733,ACB
2023/02/27,14.36,14.42,14.13,14.22,3109431,ACB
2023/02/28,14.36,14.51,14.22,14.3,6149990,ACB
2023/03/01,14.3,14.77,14.19,14.74,2538293,ACB
2023/03/02,14.66,14.92,14.66,14.69,3339027,ACB
2023/03/03,14.69,14.83,14.36,14.36,2397060,ACB
2023/03/06,14.57,14.71,14.25,14.25,5225765,ACB
2023/03/07,14.51,14.66,14.25,14.36,4642941,ACB
2023/03/08,14.22,14.66,14.22,14.66,2786167,ACB
2023/03/09,14.66,14.92,14.6,14.86,3739916,ACB
2023/03/10,14.69,14.77,14.51,14.6,2423166,ACB
2023/03/13,14.51,14.63,14.27,14.36,4018921,ACB
2023/03/14,14.39,14.48,14.04,14.1,6767237,ACB
2023/03/15,14.42,14.54,14.33,14.54,1961634,ACB
2023/03/16,14.36,14.51,14.16,14.3,2499671,ACB
2023/03/17,14.39,14.45,14.27,14.27,1249647,ACB
2023/03/20,14.19,14.27,14.07,14.07,2457593,ACB
2023/03/21,14.3,14.3,13.98,14.19,1489101,ACB
2023/03/22,14.27,14.27,14.1,14.16,1862058,ACB
2023/03/23,14.13,14.42,14.04,14.36,7080550,ACB
2023/03/24,14.42,14.57,14.36,14.39,1683172,ACB
2023/03/27,14.42,14.51,14.27,14.33,2460164,ACB
2023/03/28,14.45,14.54,14.33,14.33,8288106,ACB
2023/03/29,14.36,14.42,14.27,14.3,15181219,ACB
2023/03/30,14.42,14.48,14.39,14.42,2122444,ACB
2023/03/31,14.48,14.8,14.45,14.66,5883708,ACB
2023/04/03,14.8,14.89,14.66,14.8,9968747,ACB
2023/04/04,14.8,14.86,14.69,14.74,7190534,ACB
2023/04/05,14.71,14.83,14.69,14.83,3320551,ACB
2023/04/06,14.89,14.92,14.6,14.6,4333371,ACB
2023/04/07,14.63,14.71,14.6,14.69,3144826,ACB
2023/04/10,14.71,14.74,14.57,14.66,3638803,ACB
2023/04/11,14.6,14.69,14.48,14.63,1598533,ACB
2023/04/12,14.66,14.69,14.54,14.57,3221563,ACB
2023/04/13,14.63,14.69,14.57,14.63,2520241,ACB
2023/04/14,14.69,14.71,14.57,14.63,5022906,ACB
2023/04/17,14.63,14.66,14.54,14.66,1649827,ACB
2023/04/18,14.66,14.66,14.51,14.51,2104707,ACB
2023/04/19,14.54,14.54,14.3,14.3,4596866,ACB
2023/04/20,14.36,14.39,14.19,14.22,2471896,ACB
2023/04/21,14.25,14.3,14.22,14.22,2473711,ACB
2023/04/24,14.25,14.33,14.13,14.19,2274897,ACB
2023/04/25,14.25,14.33,14.13,14.16,6174679,ACB
2023/04/26,14.16,14.19,14.04,14.16,3857901,ACB
2023/04/27,14.19,14.33,14.13,14.16,2182535,ACB
2023/04/28,14.19,14.3,14.16,14.19,9771508,ACB
2023/05/04,14.25,14.51,14.25,14.48,4305729,ACB
2023/05/05,14.36,14.51,14.36,14.45,2625328,ACB
2023/05/08,14.45,14.66,14.42,14.63,2305309,ACB
2023/05/09,14.66,14.69,14.54,14.6,3108187,ACB
2023/05/10,14.6,14.63,14.54,14.6,1961379,ACB
2023/05/11,14.66,14.71,14.54,14.6,2556201,ACB
2023/05/12,14.66,14.69,14.54,14.66,2348036,ACB
2023/05/15,14.77,14.83,14.63,14.66,6385662,ACB
2023/05/16,14.66,14.69,14.6,14.66,1463588,ACB
2023/05/17,14.66,14.74,14.57,14.6,3449491,ACB
2023/05/18,14.6,14.71,14.57,14.66,3353042,ACB
2023/05/19,14.69,14.69,14.51,14.63,4008117,ACB
2023/05/22,14.66,14.69,14.6,14.69,4585906,ACB
2023/05/23,14.77,15.01,14.66,14.86,21726379,ACB
2023/05/24,14.95,14.95,14.63,14.74,11051426,ACB
2023/05/25,14.77,14.77,14.6,14.71,8792333,ACB
2023/05/26,14.77,14.77,14.63,14.66,8563241,ACB
2023/05/29,14.71,14.83,14.66,14.74,16577082,ACB
2023/05/30,14.83,14.83,14.66,14.77,22599203,ACB
2023/05/31,14.77,14.89,14.66,14.89,29156480,ACB
2023/06/01,15.09,15.26,14.91,15.02,12769486,ACB
2023/06/02,15.09,15.51,15.05,15.3,15034657,ACB
2023/06/05,15.44,15.55,15.19,15.26,13849317,ACB
2023/06/06,15.3,15.33,15.23,15.3,9945382,ACB
2023/06/07,15.3,15.44,15.3,15.33,9182063,ACB
2023/06/08,15.3,15.37,15.16,15.16,9682980,ACB
2023/06/09,15.19,15.19,14.95,15.12,7469378,ACB
2023/06/12,15.19,15.19,14.98,15.05,4291860,ACB
2023/06/13,15.09,15.16,15.02,15.16,7973577,ACB
2023/06/14,15.19,15.37,15.16,15.19,8033115,ACB
2023/06/15,15.19,15.23,15.12,15.23,5407844,ACB
2023/06/16,15.23,15.51,15.16,15.3,14414202,ACB
2023/06/19,15.3,15.33,15.16,15.19,4660937,ACB
2023/06/20,15.19,15.23,15.09,15.19,5639608,ACB
2023/06/21,15.16,15.23,15.12,15.23,5484088,ACB
2023/06/22,15.26,15.37,15.19,15.19,7976555,ACB
2023/06/23,15.23,15.37,15.16,15.37,11435894,ACB
2023/06/26,15.58,15.79,15.44,15.62,11788268,ACB
2023/06/27,15.83,15.83,15.58,15.58,5623455,ACB
2023/06/28,15.58,15.72,15.51,15.65,8233359,ACB
2023/06/29,15.65,15.72,15.37,15.37,8154546,ACB
2023/06/30,15.37,15.48,15.3,15.48,5120663,ACB
2023/07/03,15.48,15.51,15.4,15.48,4031764,ACB
2023/07/04,15.4,15.48,15.37,15.44,4348820,ACB
2023/07/05,15.44,15.51,15.4,15.4,8126958,ACB
2023/07/06,15.4,15.44,15.19,15.23,6426967,ACB
2023/07/07,15.23,15.26,15.09,15.23,7145078,ACB
2023/07/10,15.26,15.51,15.23,15.4,9036932,ACB
2023/07/11,15.65,15.65,15.4,15.44,8851484,ACB
2023/07/12,15.58,15.58,15.3,15.33,5187652,ACB
2023/07/13,15.44,15.44,15.3,15.44,6743968,ACB
2023/07/14,15.48,15.51,15.3,15.44,6901344,ACB
2023/07/17,15.48,15.48,15.37,15.44,6536400,ACB
2023/07/18,15.37,15.44,15.33,15.44,6804309,ACB
2023/07/19,15.44,15.55,15.4,15.44,9572664,ACB
2023/07/20,15.44,15.48,15.37,15.44,6295568,ACB
2023/07/21,15.44,15.51,15.37,15.51,6693129,ACB
2023/07/24,15.51,15.58,15.4,15.48,6773899,ACB
2023/07/25,15.44,15.79,15.44,15.65,13720647,ACB
2023/07/26,15.65,15.76,15.58,15.65,5979075,ACB
2023/07/27,15.65,15.69,15.48,15.55,7216455,ACB
2023/07/28,15.58,15.72,15.48,15.58,8620038,ACB
2023/07/31,15.79,16.11,15.76,16.11,19225216,ACB
2023/08/01,16.32,16.32,15.97,16.04,13724041,ACB
2023/08/02,16.0,16.25,16.0,16.21,12414957,ACB
2023/08/03,16.18,16.49,16.14,16.46,17019126,ACB
2023/08/04,16.56,17.12,16.32,17.12,18679690,ACB
2023/08/07,16.81,16.88,16.56,16.67,28102625,ACB
2023/08/08,16.7,16.77,16.35,16.42,15277376,ACB
2023/08/09,16.42,16.56,16.25,16.28,15564910,ACB
2023/08/10,16.32,16.39,16.07,16.07,12699456,ACB
2023/08/11,16.11,16.14,15.86,16.07,9164105,ACB
2023/08/14,16.07,16.18,16.0,16.18,10446424,ACB
2023/08/15,16.25,16.32,16.04,16.04,6464684,ACB
2023/08/16,16.04,16.18,16.0,16.07,8402525,ACB
2023/08/17,16.11,16.14,15.93,15.93,10125955,ACB
2023/08/18,15.93,15.93,15.37,15.37,20459276,ACB
2023/08/21,15.33,15.58,15.33,15.44,7981455,ACB
2023/08/22,15.51,15.55,15.16,15.48,9072597,ACB
2023/08/23,15.58,15.65,15.33,15.33,5548662,ACB
2023/08/24,15.33,15.62,15.33,15.48,5315411,ACB
2023/08/25,15.44,15.48,15.33,15.4,5381608,ACB
2023/08/28,15.44,15.51,15.4,15.48,5160556,ACB
2023/08/29,15.48,15.58,15.4,15.48,5778718,ACB
2023/08/30,15.48,15.79,15.48,15.76,7229547,ACB
2023/08/31,15.76,15.86,15.76,15.86,7212305,ACB
2023/09/05,15.93,16.18,15.9,15.97,7634395,ACB
2023/09/06,15.97,16.11,15.86,16.11,4783873,ACB
2023/09/07,16.14,16.25,15.97,16.07,9860968,ACB
2023/09/08,16.07,16.11,15.93,15.97,5530112,ACB
2023/09/11,16.0,16.07,15.62,15.69,10542303,ACB
2023/09/12,15.69,15.97,15.58,15.97,6685987,ACB
2023/09/13,15.97,16.0,15.76,15.83,6942929,ACB
2023/09/14,15.79,16.0,15.72,15.76,6195761,ACB
2023/09/15,15.86,15.97,15.76,15.9,5253147,ACB
2023/09/18,15.86,15.9,15.65,15.76,4366920,ACB
2023/09/19,15.76,15.86,15.62,15.65,8083377,ACB
2023/09/20,15.65,15.83,15.62,15.76,5299737,ACB
2023/09/21,15.72,15.83,15.69,15.72,5430115,ACB
2023/09/22,15.58,15.79,15.51,15.65,9796600,ACB
2023/09/25,15.65,15.69,15.44,15.44,7626780,ACB
2023/09/26,15.48,15.62,15.33,15.37,9407620,ACB
2023/09/27,15.37,15.44,15.26,15.44,5688210,ACB
2023/09/28,15.33,15.44,15.23,15.26,4993734,ACB
2023/09/29,15.3,15.48,15.3,15.33,2341209,ACB
2023/10/02,15.3,15.4,15.23,15.37,3811689,ACB
2023/10/03,15.3,15.37,15.16,15.16,5510811,ACB
2023/10/04,15.12,15.23,15.09,15.16,3180528,ACB
2023/10/05,15.26,15.4,15.16,15.16,3353149,ACB
2023/10/06,15.16,15.37,15.12,15.3,2443603,ACB
2023/10/09,15.23,15.83,15.23,15.79,8982117,ACB
2023/10/10,15.79,16.04,15.79,16.0,6539860,ACB
2023/10/11,16.0,16.0,15.83,15.93,2847661,ACB
2023/10/12,15.93,16.07,15.79,15.93,5637015,ACB
2023/10/13,15.86,15.93,15.79,15.9,4694272,ACB
2023/10/16,15.83,15.93,15.72,15.86,4222196,ACB
2023/10/17,15.86,15.9,15.76,15.76,3659834,ACB
2023/10/18,15.76,15.76,15.48,15.48,6211436,ACB
2023/10/19,15.48,15.55,15.3,15.3,6211641,ACB
2023/10/20,15.3,15.51,15.3,15.37,3672592,ACB
2023/10/23,15.51,15.51,15.23,15.3,2400212,ACB
2023/10/24,15.4,15.51,15.3,15.37,2553217,ACB
2023/10/25,15.58,15.62,15.37,15.37,2489008,ACB
2023/10/26,15.26,15.26,14.7,14.81,12596859,ACB
2023/10/27,15.05,15.23,14.88,15.12,3182928,ACB
2023/10/30,15.16,15.19,14.95,14.95,3858926,ACB
2023/10/31,14.98,15.12,14.91,15.02,3491977,ACB
2023/11/01,15.02,15.19,14.98,15.16,4835157,ACB
2023/11/02,15.26,15.65,15.16,15.65,5152098,ACB
2023/11/03,15.65,15.72,15.48,15.48,4888965,ACB
2023/11/06,15.58,15.69,15.51,15.58,3792021,ACB
2023/11/07,15.51,15.62,15.51,15.51,2328126,ACB
2023/11/08,15.51,16.07,15.48,16.0,7915923,ACB
2023/11/09,16.07,16.07,15.83,15.83,4768580,ACB
2023/11/10,15.72,15.86,15.62,15.72,5051311,ACB
2023/11/13,15.76,15.86,15.58,15.76,3418479,ACB
2023/11/14,15.76,16.07,15.76,15.93,10306368,ACB
2023/11/15,16.14,16.49,16.11,16.32,32344213,ACB
2023/11/16,16.32,16.42,16.21,16.35,8085873,ACB
2023/11/17,16.42,16.42,15.83,15.93,12355370,ACB
2023/11/20,15.72,16.11,15.55,15.79,10211612,ACB
2023/11/21,15.9,16.0,15.79,15.86,3715213,ACB
2023/11/22,15.79,15.97,15.69,15.93,4395703,ACB
2023/11/23,15.93,15.97,15.58,15.58,5185123,ACB
2023/11/24,15.65,15.65,15.3,15.48,7901317,ACB
2023/11/27,15.48,15.51,15.33,15.33,3262375,ACB
2023/11/28,15.37,15.51,15.23,15.37,4189072,ACB
2023/11/29,15.44,15.69,15.44,15.48,4831388,ACB
2023/11/30,15.48,15.65,15.4,15.4,5245608,ACB
2023/12/01,15.55,15.55,15.26,15.4,5736667,ACB
2023/12/04,15.48,15.76,15.44,15.65,9044705,ACB
2023/12/05,15.65,15.76,15.48,15.55,3560224,ACB
2023/12/06,15.55,15.65,15.44,15.65,2794830,ACB
2023/12/07,15.65,15.79,15.58,15.72,7241320,ACB
2023/12/08,15.72,15.83,15.65,15.72,3815334,ACB
2023/12/11,15.76,15.79,15.62,15.72,2277359,ACB
2023/12/12,15.76,15.79,15.65,15.79,3230408,ACB
2023/12/13,15.79,15.83,15.65,15.65,3933379,ACB
2023/12/14,15.72,15.97,15.65,15.79,6949441,ACB
2023/12/15,15.86,16.04,15.83,15.97,6195129,ACB
2023/12/18,15.93,16.0,15.9,16.0,6390775,ACB
2023/12/19,16.0,16.21,16.0,16.18,11476459,ACB
2023/12/20,16.18,16.32,16.18,16.28,8865596,ACB
2023/12/21,16.28,16.32,16.18,16.32,7087055,ACB
2023/12/22,16.28,16.35,16.28,16.28,4512456,ACB
2023/12/25,16.32,16.46,16.28,16.39,7586810,ACB
2023/12/26,16.42,16.42,16.32,16.32,5731233,ACB
2023/12/27,16.28,16.42,16.28,16.35,4869398,ACB
2023/12/28,16.35,16.81,16.35,16.67,10526964,ACB
2023/12/29,16.77,16.91,16.7,16.77,9202991,ACB
2022/12/14,48.5,48.69,47.81,47.94,1159669,FPT
2022/12/15,48.0,49.07,48.0,48.82,1172479,FPT
2022/12/16,48.38,49.01,48.0,48.94,912560,FPT
2022/12/19,49.19,49.19,48.13,48.13,1028326,FPT
2022/12/20,48.5,48.5,47.37,48.13,787843,FPT
2022/12/21,48.5,48.63,47.56,48.5,545497,FPT
2022/12/22,48.5,48.69,47.75,48.5,659431,FPT
2022/12/23,48.0,49.01,47.87,49.01,1222704,FPT
2022/12/26,48.82,49.07,48.0,48.0,833640,FPT
2022/12/27,48.0,48.69,47.75,48.06,806989,FPT
2022/12/28,48.38,48.38,47.75,48.19,590282,FPT
2022/12/29,48.06,48.38,47.87,47.87,656647,FPT
2022/12/30,47.87,48.31,47.75,48.31,629719,FPT
2023/01/03,48.31,50.26,48.25,50.26,1538861,FPT
2023/01/04,50.76,50.89,49.82,50.26,796544,FPT
2023/01/05,50.39,51.2,50.39,50.64,1014719,FPT
2023/01/06,50.51,50.95,50.39,50.45,721096,FPT
2023/01/09,50.58,50.83,50.2,50.45,520315,FPT
2023/01/10,50.7,51.08,50.39,50.51,754254,FPT
2023/01/11,50.51,51.27,50.51,50.83,1078639,FPT
2023/01/12,50.89,51.2,50.39,50.7,544065,FPT
2023/01/13,50.58,51.02,50.26,50.26,629501,FPT
2023/01/16,50.32,50.89,50.07,50.76,576876,FPT
2023/01/17,51.02,51.52,50.89,51.52,980634,FPT
2023/01/18,51.58,52.4,51.39,52.4,956810,FPT
2023/01/19,52.15,52.9,52.08,52.71,1329468,FPT
2023/01/27,52.84,53.72,52.77,52.77,1145253,FPT
2023/01/30,52.9,53.03,52.59,52.59,893299,FPT
2023/01/31,52.46,52.59,51.33,52.46,1531495,FPT
2023/02/01,52.77,52.77,51.39,51.52,1051061,FPT
2023/02/02,51.58,51.77,51.08,51.46,1327690,FPT
2023/02/03,51.52,51.52,50.32,50.32,1730152,FPT
2023/02/06,50.26,51.27,50.07,50.58,946115,FPT
2023/02/07,50.58,51.46,50.58,50.7,752838,FPT
2023/02/08,50.76,51.33,50.64,51.02,671553,FPT
2023/02/09,50.89,51.27,50.7,50.7,743939,FPT
2023/02/10,50.95,51.02,50.58,50.7,725810,FPT
2023/02/13,50.7,51.02,50.26,50.7,614692,FPT
2023/02/14,50.7,50.89,50.39,50.76,621417,FPT
2023/02/15,50.58,51.46,50.45,51.27,646219,FPT
2023/02/16,51.27,51.52,50.7,51.27,425495,FPT
2023/02/17,51.02,51.27,50.89,51.27,468845,FPT
2023/02/20,51.27,52.15,51.14,52.02,1277504,FPT
2023/02/21,52.02,52.59,51.9,52.02,841841,FPT
2023/02/22,51.71,51.83,51.39,51.39,748561,FPT
2023/02/23,51.33,51.33,50.64,51.14,1161953,FPT
2023/02/24,50.95,51.08,50.51,50.76,559986,FPT
2023/02/27,50.26,50.58,50.2,50.45,1016698,FPT
2023/02/28,50.26,50.7,49.95,50.58,525466,FPT
2023/03/01,49.95,50.58,49.44,50.58,1377551,FPT
2023/03/02,50.26,50.58,50.14,50.26,431732,FPT
2023/03/03,49.82,50.26,49.32,49.32,741791,FPT
2023/03/06,49.07,50.14,49.07,49.13,818674,FPT
2023/03/07,49.7,50.2,49.51,49.51,793553,FPT
2023/03/08,49.32,49.95,49.32,49.95,511968,FPT
2023/03/09,49.95,50.7,49.76,50.64,641624,FPT
2023/03/10,50.39,50.51,49.63,49.95,641543,FPT
2023/03/13,49.07,49.88,49.07,49.57,887883,FPT
2023/03/14,49.63,49.7,49.32,49.44,428257,FPT
2023/03/15,49.7,50.58,49.7,50.58,693264,FPT
2023/03/16,50.26,50.26,49.26,49.76,850831,FPT
2023/03/17,50.01,50.26,49.38,49.63,430362,FPT
2023/03/20,49.7,49.82,48.75,48.75,771192,FPT
2023/03/21,49.38,49.44,48.44,49.07,537316,FPT
2023/03/22,49.13,49.38,48.75,49.32,611402,FPT
2023/03/23,49.26,49.32,48.75,49.01,357327,FPT
2023/03/24,49.19,49.51,49.01,49.38,367884,FPT
2023/03/27,49.57,49.76,49.32,49.7,768784,FPT
2023/03/28,49.76,49.76,48.69,49.76,1001517,FPT
2023/03/29,49.76,49.82,49.38,49.63,405351,FPT
2023/03/30,49.63,49.82,49.51,49.7,409438,FPT
2023/03/31,49.7,49.95,49.63,49.7,672646,FPT
2023/04/03,49.88,50.83,49.7,50.83,1172390,FPT
2023/04/04,50.83,50.89,50.26,50.58,585746,FPT
2023/04/05,50.58,50.64,50.07,50.64,423371,FPT
2023/04/06,50.7,51.2,50.45,50.45,614350,FPT
2023/04/07,50.39,50.7,50.26,50.58,360755,FPT
2023/04/10,50.89,50.89,50.32,50.45,771039,FPT
2023/04/11,50.39,50.58,50.32,50.45,534886,FPT
2023/04/12,50.45,50.58,50.2,50.45,575815,FPT
2023/04/13,50.45,50.51,49.82,50.01,542069,FPT
2023/04/14,50.2,50.32,49.82,50.01,399536,FPT
2023/04/17,50.01,50.07,49.63,50.01,450882,FPT
2023/04/18,50.01,50.26,49.76,49.88,302472,FPT
2023/04/19,50.14,50.14,49.82,49.82,420463,FPT
2023/04/20,50.14,50.14,49.76,49.88,365619,FPT
2023/04/21,50.26,50.26,49.82,49.82,324840,FPT
2023/04/24,49.95,50.64,49.63,49.7,795812,FPT
2023/04/25,49.7,49.82,49.19,49.26,541028,FPT
2023/04/26,49.07,49.26,48.75,49.19,772857,FPT
2023/04/27,49.07,49.51,49.07,49.19,221966,FPT
2023/04/28,49.51,49.51,48.69,48.69,946202,FPT
2023/05/04,48.88,49.44,48.75,49.32,498526,FPT
2023/05/05,49.38,49.38,49.13,49.26,320239,FPT
2023/05/08,49.32,49.57,49.26,49.32,364297,FPT
2023/05/09,49.38,50.14,49.38,49.57,607003,FPT
2023/05/10,49.63,50.01,49.63,49.63,633179,FPT
2023/05/11,49.7,50.01,49.63,49.7,477378,FPT
2023/05/12,49.82,50.64,49.51,50.58,1085041,FPT
2023/05/15,51.14,51.39,50.76,50.89,936340,FPT
2023/05/16,50.89,51.33,50.76,51.2,768209,FPT
2023/05/17,51.46,51.96,50.95,51.2,977785,FPT
2023/05/18,51.39,52.15,51.14,52.08,1552354,FPT
2023/05/19,52.15,52.33,51.39,52.02,1075113,FPT
2023/05/22,52.02,52.02,51.52,51.83,562355,FPT
2023/05/23,51.83,51.83,51.14,51.52,657960,FPT
2023/05/24,51.52,51.58,50.95,51.08,465813,FPT
2023/05/25,51.02,52.4,50.89,52.27,1343692,FPT
2023/05/26,52.21,52.4,51.71,52.21,865789,FPT
2023/05/29,52.46,52.59,52.08,52.21,881263,FPT
2023/05/30,52.15,53.34,52.08,52.77,1662064,FPT
2023/05/31,52.9,52.9,52.21,52.84,840575,FPT
2023/06/01,52.77,52.77,52.21,52.46,538944,FPT
2023/06/02,52.46,52.96,52.21,52.65,738485,FPT
2023/06/05,52.71,53.53,52.65,53.4,1428499,FPT
2023/06/06,53.59,53.59,53.21,53.59,516234,FPT
2023/06/07,53.4,53.65,52.96,53.4,707049,FPT
2023/06/08,53.21,53.34,52.46,52.52,1246481,FPT
2023/06/09,52.96,53.21,52.59,53.15,681805,FPT
2023/06/12,53.09,53.34,52.52,53.34,521246,FPT
2023/06/13,53.03,53.34,52.96,53.03,468477,FPT
2023/06/14,52.96,53.28,52.84,52.9,659704,FPT
2023/06/15,52.9,53.03,52.52,52.84,800193,FPT
2023/06/16,52.84,54.16,52.4,53.09,2234265,FPT
2023/06/19,53.21,53.72,53.09,53.21,664779,FPT
2023/06/20,53.4,53.91,53.21,53.72,946100,FPT
2023/06/21,53.72,54.28,53.65,53.91,707032,FPT
2023/06/22,54.09,54.35,53.21,53.72,1021586,FPT
2023/06/23,53.78,53.78,53.28,53.47,823244,FPT
2023/06/26,53.47,53.91,53.15,53.91,861394,FPT
2023/06/27,54.03,54.85,54.03,54.85,1544056,FPT
2023/06/28,54.91,55.16,54.66,54.66,967842,FPT
2023/06/29,54.66,54.72,54.35,54.35,563802,FPT
2023/06/30,54.35,54.41,54.03,54.03,734840,FPT
2023/07/03,54.35,54.53,54.03,54.28,1041108,FPT
2023/07/04,54.28,54.66,54.16,54.66,1329492,FPT
2023/07/05,54.89,55.91,54.67,54.67,1791184,FPT
2023/07/06,54.67,54.96,54.09,54.52,1522489,FPT
2023/07/07,54.23,55.18,54.23,55.04,899592,FPT
2023/07/10,55.04,55.47,54.74,55.04,1156888,FPT
2023/07/11,55.04,55.11,54.82,54.82,1093461,FPT
2023/07/12,54.82,55.33,54.74,55.04,906936,FPT
2023/07/13,55.4,55.4,55.11,55.4,1255041,FPT
2023/07/14,56.21,57.23,55.62,57.23,2826852,FPT
2023/07/17,57.74,57.89,57.37,57.74,1156882,FPT
2023/07/18,57.74,57.74,57.08,57.52,719990,FPT
2023/07/19,57.37,57.67,57.23,57.37,710544,FPT
2023/07/20,57.45,59.42,57.37,58.69,2297840,FPT
2023/07/21,58.25,59.2,58.18,59.2,1275567,FPT
2023/07/24,59.2,59.42,58.91,59.2,1175667,FPT
2023/07/25,59.2,60.08,59.2,59.42,1060033,FPT
2023/07/26,59.35,60.44,59.27,60.44,1273543,FPT
2023/07/27,60.52,61.69,60.52,61.18,1421340,FPT
2023/07/28,61.03,61.69,60.74,61.69,900725,FPT
2023/07/31,61.91,62.71,61.69,62.56,1475315,FPT
2023/08/01,62.56,63.08,61.76,61.76,1290289,FPT
2023/08/02,61.76,61.98,61.03,61.03,999318,FPT
2023/08/03,61.25,61.54,60.59,61.18,910770,FPT
2023/08/04,61.39,61.76,60.88,60.88,1620226,FPT
2023/08/07,61.1,61.76,60.88,61.76,755463,FPT
2023/08/08,61.39,61.83,61.25,61.54,638510,FPT
2023/08/09,61.39,61.91,60.66,60.74,985253,FPT
2023/08/10,60.74,60.88,60.08,60.08,1345605,FPT
2023/08/11,59.93,60.66,59.57,59.93,1146772,FPT
2023/08/14,60.01,60.81,59.93,60.37,1016349,FPT
2023/08/15,60.37,61.61,59.57,61.39,1677357,FPT
2023/08/16,60.81,62.27,60.81,62.2,2613481,FPT
2023/08/17,62.13,63.73,62.13,62.86,3708846,FPT
2023/08/18,62.56,64.25,61.61,62.49,4252285,FPT
2023/08/21,62.78,63.37,62.49,62.78,2461231,FPT
2023/08/22,63.08,63.22,60.66,63.22,2337900,FPT
2023/08/23,63.15,63.44,61.91,63.22,1422837,FPT
2023/08/24,63.22,66.63,62.93,66.55,5269510,FPT
2023/08/25,66.18,67.29,65.89,67.0,2802665,FPT
2023/08/28,68.03,69.73,67.29,69.51,2969885,FPT
2023/08/29,69.51,69.51,68.62,69.21,1556447,FPT
2023/08/30,68.92,72.62,68.84,71.43,2376554,FPT
2023/08/31,71.43,72.1,71.06,71.51,1409398,FPT
2023/09/05,71.8,72.99,71.58,71.58,1448003,FPT
2023/09/06,71.8,73.21,71.21,73.21,2503495,FPT
2023/09/07,73.21,74.54,72.17,72.39,3257432,FPT
2023/09/08,72.1,72.84,71.73,72.17,2122234,FPT
2023/09/11,72.99,73.58,70.47,72.02,5159148,FPT
2023/09/12,72.02,73.13,72.02,73.13,2687116,FPT
2023/09/13,73.13,73.21,72.02,72.47,2895387,FPT
2023/09/14,72.47,72.47,70.62,70.91,2324353,FPT
2023/09/15,70.99,72.32,70.47,72.1,2140173,FPT
2023/09/18,71.65,71.65,70.77,71.65,2030801,FPT
2023/09/19,71.58,72.76,70.91,72.76,3588961,FPT
2023/09/20,73.06,73.72,72.84,72.84,2449993,FPT
2023/09/21,72.84,73.13,71.21,71.58,3422654,FPT
2023/09/22,70.32,71.73,68.47,71.51,6867488,FPT
2023/09/25,71.73,72.17,69.73,69.73,2102701,FPT
2023/09/26,69.66,70.62,68.84,69.14,2159726,FPT
2023/09/27,69.44,69.73,66.85,69.73,4516129,FPT
2023/09/28,69.58,69.73,67.59,69.51,1768685,FPT
2023/09/29,69.51,70.18,68.62,68.62,1637648,FPT
2023/10/02,69.07,69.36,68.03,68.92,1139848,FPT
2023/10/03,68.18,69.14,67.66,68.18,2010673,FPT
2023/10/04,67.51,69.07,67.51,68.4,1593917,FPT
2023/10/05,68.62,68.99,67.74,67.74,1370603,FPT
2023/10/06,67.66,68.62,67.29,68.55,1149293,FPT
2023/10/09,68.33,70.69,68.18,70.69,3660637,FPT
2023/10/10,71.36,71.88,70.54,71.21,3259197,FPT
2023/10/11,70.91,72.47,70.91,71.73,2361344,FPT
2023/10/12,71.73,72.32,70.99,71.28,1884002,FPT
2023/10/13,70.99,71.21,70.47,71.06,2364522,FPT
2023/10/16,71.58,73.13,71.21,71.58,4979916,FPT
2023/10/17,72.32,72.32,68.84,68.84,2422927,FPT
2023/10/18,70.18,70.18,67.29,68.77,6149090,FPT
2023/10/19,69.51,69.73,68.03,68.03,3033197,FPT
2023/10/20,68.4,68.77,66.63,68.7,2867958,FPT
2023/10/23,69.36,69.36,67.14,67.29,1975305,FPT
2023/10/24,68.33,68.33,67.14,68.03,1615528,FPT
2023/10/25,67.88,68.55,67.22,67.22,1840166,FPT
2023/10/26,65.29,66.48,63.59,64.19,5919549,FPT
2023/10/27,64.7,65.07,63.82,64.33,2039441,FPT
2023/10/30,64.33,64.41,62.85,62.85,1873591,FPT
2023/10/31,62.93,63.08,61.38,61.38,3095467,FPT
2023/11/01,62.34,63.15,61.08,63.15,2178980,FPT
2023/11/02,63.89,65.81,63.52,65.81,2207208,FPT
2023/11/03,65.81,65.96,64.33,64.33,4845587,FPT
2023/11/06,65.22,65.74,64.93,65.44,1212457,FPT
2023/11/07,65.44,65.66,65.0,65.29,1343408,FPT
2023/11/08,65.22,68.47,65.07,68.47,2947501,FPT
2023/11/09,68.03,68.99,67.88,68.4,2114138,FPT
2023/11/10,67.66,68.55,67.51,67.66,2409873,FPT
2023/11/13,67.74,68.03,66.92,67.59,1534993,FPT
2023/11/14,68.03,69.07,67.51,68.47,2000413,FPT
2023/11/15,69.29,69.36,68.03,68.33,2420392,FPT
2023/11/16,68.18,68.77,67.74,68.77,1908811,FPT
2023/11/17,69.07,69.14,67.0,67.29,3572003,FPT
2023/11/20,66.63,68.47,65.89,67.07,1659285,FPT
2023/11/21,68.03,68.03,67.07,67.96,1462987,FPT
2023/11/22,67.96,68.84,67.96,68.77,3274558,FPT
2023/11/23,68.99,69.29,67.14,67.14,2168399,FPT
2023/11/24,67.14,68.03,66.7,67.44,2251338,FPT
2023/11/27,67.59,67.59,66.63,67.07,1661825,FPT
2023/11/28,67.14,67.96,66.48,67.37,1092670,FPT
2023/11/29,67.74,68.03,67.37,67.81,804163,FPT
2023/11/30,67.59,69.29,67.51,67.96,1984701,FPT
2023/12/01,68.18,68.7,67.51,68.33,1192386,FPT
2023/12/04,68.47,69.51,68.47,69.21,3466947,FPT
2023/12/05,69.36,70.84,69.29,70.1,3596254,FPT
2023/12/06,70.25,70.54,69.58,70.25,1223469,FPT
2023/12/07,70.32,70.47,68.62,69.73,3765052,FPT
2023/12/08,69.73,70.32,69.14,69.66,1747729,FPT
2023/12/11,70.62,70.77,69.95,70.25,1567612,FPT
2023/12/12,70.54,71.58,70.47,71.58,4090519,FPT
2023/12/13,72.02,72.02,70.4,70.4,2152046,FPT
2023/12/14,70.84,71.28,70.4,71.14,1715423,FPT
2023/12/15,71.14,71.21,70.25,71.14,1477484,FPT
2023/12/18,70.91,71.14,69.29,69.51,2269177,FPT
2023/12/19,69.44,69.95,69.21,69.95,1253010,FPT
2023/12/20,69.73,70.25,69.58,70.03,1351472,FPT
2023/12/21,69.95,70.32,69.51,70.32,1758872,FPT
2023/12/22,70.25,70.32,69.81,69.95,1276887,FPT
2023/12/25,70.18,71.14,70.1,70.99,2019931,FPT
2023/12/26,71.36,72.91,71.28,71.88,3364283,FPT
2023/12/27,72.02,72.32,71.65,71.65,1359748,FPT
2023/12/28,71.73,71.73,71.21,71.43,1199164,FPT
2023/12/29,71.43,71.73,71.06,71.06,1869204,FPT
