stage,batch_idx,config_id,seed,label,use_cost,robust_loss,weight_decay,reward_shaping,kl_reduction,beta_0,beta_decay,beta_min,vae_latent_dim,vae_lr,vae_beta_kl,vae_batch_size,bootstrap_trajectories,bootstrap_updates,online_aux_updates,vae_replay_capacity,train_profit,train_roi,train_arr,train_sharpe,train_max_drawdown,train_violations,val_profit,val_roi,val_arr,val_sharpe,val_max_drawdown,val_violations,gap_roi,gap_arr,gap_sharpe,q_loss_mean,vae_loss_mean,vae_loss_last,vae_recon_last,vae_kl_last,cost_loss_last,novelty_mean,novelty_std,novelty_max,finite
UCB,3,ucb_003,42,Uncertainty-Aware UCB-VAE,True,True,0.0001,True,sum,0.01,0.93,0.01,16,0.0001,0.05,256,5,100,1,50000,17.19278000000213,1.7192780000002132,0.28523178398249804,-0.2495006414723311,15.996327142930959,0,314.14123999999924,31.414123999999926,9.549552900727365,0.5662102978277742,22.348899863635868,0,-29.694845999999714,-9.264321116744867,-0.8157109393001053,0.6289971368861627,0.1747016657015373,0.16774743795394897,0.16729407012462616,0.009067241102457047,0.0035194819793105125,5.793334311526449,3.6948136639678255,18.079267501831055,True
UCB,3,ucb_003,43,Uncertainty-Aware UCB-VAE,True,True,0.0001,True,sum,0.01,0.93,0.01,16,0.0001,0.05,256,5,100,1,50000,360.5235999999986,36.05235999999986,5.278675927721599,0.43460482601504113,12.801906958412243,0,966.2094999999981,96.62094999999982,25.323687061572507,1.2896959071444463,20.85124594132119,1,-60.568589999999965,-20.045011133850906,-0.8550910811294051,1.608664508934857,0.18253183652614724,0.1617249697446823,0.1612161248922348,0.010176869109272957,0.009022855199873447,5.912446570335897,3.733470815551373,17.302825927734375,True
UCB,3,ucb_003,44,Uncertainty-Aware UCB-VAE,True,True,0.0001,True,sum,0.01,0.93,0.01,16,0.0001,0.05,256,5,100,1,50000,1725.9494699999982,172.59494699999982,18.241227092916667,0.7331312614320505,37.6561687507046,10,2213.53571,221.353571,47.660626246243055,1.3408931845922143,38.358221325813545,10,-48.75862400000017,-29.41939915332639,-0.6077619231601638,11.550336245240437,0.2457891025419893,0.39782005548477173,0.3970213532447815,0.015973808243870735,0.005459061823785305,7.317444733309792,3.08027461500811,18.33023452758789,True
UCB,3,ucb_007,42,Uncertainty-Aware UCB-VAE,True,True,0.0001,True,sum,0.01,0.99,0.01,16,0.0001,0.05,256,5,100,1,50000,17.19278000000213,1.7192780000002132,0.28523178398249804,-0.2495006414723311,15.996327142930959,0,314.14123999999924,31.414123999999926,9.549552900727365,0.5662102978277742,22.348899863635868,0,-29.694845999999714,-9.264321116744867,-0.8157109393001053,0.6289971368861627,0.1747016657015373,0.16774743795394897,0.16729407012462616,0.009067241102457047,0.0035194819793105125,5.793334311526449,3.6948136639678255,18.079267501831055,True
UCB,3,ucb_007,43,Uncertainty-Aware UCB-VAE,True,True,0.0001,True,sum,0.01,0.99,0.01,16,0.0001,0.05,256,5,100,1,50000,360.5235999999986,36.05235999999986,5.278675927721599,0.43460482601504113,12.801906958412243,0,966.2094999999981,96.62094999999982,25.323687061572507,1.2896959071444463,20.85124594132119,1,-60.568589999999965,-20.045011133850906,-0.8550910811294051,1.608664508934857,0.18253183652614724,0.1617249697446823,0.1612161248922348,0.010176869109272957,0.009022855199873447,5.912446570335897,3.733470815551373,17.302825927734375,True
UCB,3,ucb_007,44,Uncertainty-Aware UCB-VAE,True,True,0.0001,True,sum,0.01,0.99,0.01,16,0.0001,0.05,256,5,100,1,50000,1725.9494699999982,172.59494699999982,18.241227092916667,0.7331312614320505,37.6561687507046,10,2213.53571,221.353571,47.660626246243055,1.3408931845922143,38.358221325813545,10,-48.75862400000017,-29.41939915332639,-0.6077619231601638,11.550336245240437,0.2457891025419893,0.39782005548477173,0.3970213532447815,0.015973808243870735,0.005459061823785305,7.317444733309792,3.08027461500811,18.33023452758789,True
UCB,3,ucb_011,42,Uncertainty-Aware UCB-VAE,True,True,0.0001,True,sum,0.03,0.93,0.01,16,0.0001,0.05,256,5,100,1,50000,39.069330000000946,3.906933000000094,0.6424191287047964,-0.19212577508945772,13.748701618152923,0,281.94733999999903,28.194733999999904,8.646126214993345,0.5258171058685174,22.42392008720448,0,-24.28780099999981,-8.003707086288548,-0.7179428809579751,0.6323299972580168,0.17464213905663326,0.1677873730659485,0.16733427345752716,0.0090620843693614,0.00352620636112988,5.7592907611648165,3.7097767290481976,18.05535888671875,True
UCB,3,ucb_011,43,Uncertainty-Aware UCB-VAE,True,True,0.0001,True,sum,0.03,0.93,0.01,16,0.0001,0.05,256,5,100,1,50000,351.71475999999893,35.17147599999989,5.164475635245402,0.42426175119332593,12.6278655809024,0,854.9964899999986,85.49964899999986,22.911008182717985,1.2290228103936618,20.799071535782435,0,-50.32817299999997,-17.746532547472583,-0.8047610592003358,1.5957052289560023,0.1825381875038147,0.16224242746829987,0.16173358261585236,0.010176812298595905,0.00905329268425703,5.884588416096551,3.7248986931612467,17.347620010375977,True
UCB,3,ucb_011,44,Uncertainty-Aware UCB-VAE,True,True,0.0001,True,sum,0.03,0.93,0.01,16,0.0001,0.05,256,5,100,1,50000,1719.4635499999981,171.9463549999998,18.194173419805647,0.7317920911395103,37.640652391946105,10,2213.53571,221.353571,47.660626246243055,1.3408931845922143,38.358221325813545,10,-49.407216000000176,-29.466452826437408,-0.609101093452704,11.50376782787067,0.24534721107318483,0.3974415957927704,0.3966436982154846,0.015957675874233246,0.005453780759125948,7.317763119388364,3.080119295803479,18.330366134643555,True
UCB,3,ucb_015,42,Uncertainty-Aware UCB-VAE,True,True,0.0001,True,sum,0.03,0.99,0.01,16,0.0001,0.05,256,5,100,1,50000,29.909620000001723,2.9909620000001724,0.4936343848736868,-0.2169133518253448,14.779178552161845,0,299.4904399999991,29.949043999999915,9.140271062298332,0.542762981101144,22.18089333992732,0,-26.95808199999974,-8.646636677424645,-0.7596763329264887,0.6253832861062283,0.17463063731275755,0.1674472838640213,0.16699418425559998,0.009061961434781551,0.003492654301226139,5.7835715869063336,3.6900294196102736,18.067670822143555,True
UCB,3,ucb_015,43,Uncertainty-Aware UCB-VAE,True,True,0.0001,True,sum,0.03,0.99,0.01,16,0.0001,0.05,256,5,100,1,50000,324.14273999999796,32.41427399999979,4.802972073350231,0.3868913607835729,12.698735082196697,0,766.30925,76.630925,20.916987833566523,1.196828211505664,20.411168084187825,0,-44.21665100000021,-16.11401576021629,-0.8099368507220912,1.6005983539581023,0.18263406691880063,0.16361448168754578,0.16310295462608337,0.010230651125311852,0.009060632437467575,5.85617712697796,3.7196611395090518,17.51603126525879,True
UCB,3,ucb_015,44,Uncertainty-Aware UCB-VAE,True,True,0.0001,True,sum,0.03,0.99,0.01,16,0.0001,0.05,256,5,100,1,50000,1725.731609999998,172.5731609999998,18.23964808921348,0.7326991627093454,37.658123662970965,10,2213.53571,221.353571,47.660626246243055,1.3408931845922143,38.358221325813545,10,-48.78041000000019,-29.420978157029577,-0.6081940218828689,11.550342852111768,0.24574777021490293,0.3977951109409332,0.3969968259334564,0.01596541330218315,0.005462123081088066,7.317472633529217,3.0802421573441983,18.33014488220215,True
UCB,3,ucb_019,42,Uncertainty-Aware UCB-VAE,True,True,0.0001,True,sum,0.05,0.93,0.01,16,0.0001,0.05,256,5,100,1,50000,12.326510000001463,1.2326510000001463,0.20490933974728343,-0.2992561951787913,15.399885982376832,0,263.6400499999984,26.36400499999984,8.125629131734847,0.49515054059884317,22.30441690708556,0,-25.131353999999693,-7.920719791987564,-0.7944067357776345,0.6206204133839897,0.17468915150083345,0.16752490401268005,0.1670711636543274,0.009074816480278969,0.0034628738649189472,5.744753240587864,3.7104814140396822,18.047826766967773,True
UCB,3,ucb_019,43,Uncertainty-Aware UCB-VAE,True,True,0.0001,True,sum,0.05,0.93,0.01,16,0.0001,0.05,256,5,100,1,50000,357.7283399999983,35.77283399999983,5.2425042614737905,0.4285226991948527,12.576561118603264,0,901.8530999999987,90.18530999999986,23.938960682251253,1.2647717446927067,20.076028172645287,0,-54.41247600000003,-18.696456420777462,-0.836249045497854,1.602446284517646,0.18253344359069035,0.16192534565925598,0.161416158080101,0.01018371619284153,0.009067047387361526,5.885716157318661,3.7188842820454884,17.400409698486328,True
UCB,3,ucb_019,44,Uncertainty-Aware UCB-VAE,True,True,0.0001,True,sum,0.05,0.93,0.01,16,0.0001,0.05,256,5,100,1,50000,1725.9494699999982,172.59494699999982,18.241227092916667,0.7331312614320505,37.6561687507046,10,2213.53571,221.353571,47.660626246243055,1.3408931845922143,38.358221325813545,10,-48.75862400000017,-29.41939915332639,-0.6077619231601638,11.521631144442493,0.2455019996084016,0.3982006907463074,0.39740243554115295,0.015965070575475693,0.005474281497299671,7.317903282621613,3.0802386283131407,18.331443786621094,True
UCB,3,ucb_023,42,Uncertainty-Aware UCB-VAE,True,True,0.0001,True,sum,0.05,0.99,0.01,16,0.0001,0.05,256,5,100,1,50000,20.11792000000196,2.0117920000001956,0.33336012873614873,-0.24170027612705133,15.32084743285768,0,302.40549999999894,30.240549999999892,9.22194963520717,0.5487174760467592,22.141020118641695,0,-28.228757999999697,-8.888589506471021,-0.7904177521738106,0.6210565566735938,0.17468809064092308,0.16670478880405426,0.1662515103816986,0.009065661579370499,0.0034476821310818195,5.781661435745556,3.690505030259082,18.07203483581543,True
UCB,3,ucb_023,43,Uncertainty-Aware UCB-VAE,True,True,0.0001,True,sum,0.05,0.99,0.01,16,0.0001,0.05,256,5,100,1,50000,313.5081099999993,31.35081099999993,4.661861825704894,0.3770484118168238,12.1103612558208,0,862.7125099999992,86.27125099999992,23.081464549213226,1.253177552893259,20.406231938010812,0,-54.92043999999999,-18.419602723508333,-0.8761291410764351,1.564417217152745,0.18259438204354253,0.1619998812675476,0.16148921847343445,0.010213334113359451,0.009105300530791283,5.8820990717445625,3.7288589006180604,17.394840240478516,True
UCB,3,ucb_023,44,Uncertainty-Aware UCB-VAE,True,True,0.0001,True,sum,0.05,0.99,0.01,16,0.0001,0.05,256,5,100,1,50000,1719.7166099999981,171.9716609999998,18.19601105612836,0.7319271147102331,37.63837689327595,10,2213.53571,221.353571,47.660626246243055,1.3408931845922143,38.358221325813545,10,-49.381910000000175,-29.464615190114696,-0.6089660698819812,11.56600033093106,0.2456424476771519,0.39827781915664673,0.39748087525367737,0.015939021483063698,0.005489975214004517,7.317345318872647,3.0800507611853547,18.32965660095215,True
UCB,3,ucb_027,42,Uncertainty-Aware UCB-VAE,True,True,0.0001,True,sum,0.1,0.93,0.01,16,0.0001,0.05,256,5,100,1,50000,30.580560000000787,3.0580560000000787,0.5045700548408361,-0.22815160193930847,14.462886293049431,0,301.9924499999988,30.19924499999988,9.210383583958958,0.5510898940770682,22.146661243086857,0,-27.1411889999998,-8.705813529118121,-0.7792414960163767,0.6172557797543252,0.17463427381268862,0.16713783144950867,0.1666843593120575,0.009069342166185379,0.0034357095137238503,5.7791541559582065,3.6905595387661516,18.069095611572266,True
UCB,3,ucb_027,43,Uncertainty-Aware UCB-VAE,True,True,0.0001,True,sum,0.1,0.93,0.01,16,0.0001,0.05,256,5,100,1,50000,348.90336999999886,34.89033699999989,5.127897491830047,0.4277592553359494,12.144396462366682,0,923.2460099999992,92.32460099999992,24.402678347759622,1.305343091752962,19.36397870453978,0,-57.43426400000003,-19.274780855929574,-0.8775838364170127,1.5974262678340354,0.18256469029804756,0.16216209530830383,0.16165286302566528,0.010184573009610176,0.009147235192358494,5.877614361808655,3.7078228658642614,17.384841918945312,True
UCB,3,ucb_027,44,Uncertainty-Aware UCB-VAE,True,True,0.0001,True,sum,0.1,0.93,0.01,16,0.0001,0.05,256,5,100,1,50000,1725.739259999998,172.5739259999998,18.239703536593808,0.7333635340043145,37.65805501416916,10,2213.53571,221.353571,47.660626246243055,1.3408931845922143,38.358221325813545,10,-48.77964500000019,-29.420922709649247,-0.6075296505878998,11.495148060139682,0.24506602944998906,0.397961288690567,0.3971635699272156,0.0159543976187706,0.005483862012624741,7.317769332307911,3.080388986252647,18.333616256713867,True
UCB,3,ucb_031,42,Uncertainty-Aware UCB-VAE,True,True,0.0001,True,sum,0.1,0.99,0.01,16,0.0001,0.05,256,5,100,1,50000,-7.166729999999006,-0.7166729999999006,-0.12010499726893276,-0.3844913184052232,15.25050388424427,0,301.73073999999883,30.173073999999882,9.203054026319135,0.5494403461483068,22.150236968175474,0,-30.889746999999783,-9.323159023588069,-0.93393166455353,0.6032874614480399,0.17456547299335742,0.16606029868125916,0.16560836136341095,0.009038837626576424,0.0034279527608305216,5.777590757787112,3.6929209402846737,18.0645694732666,True
UCB,3,ucb_031,43,Uncertainty-Aware UCB-VAE,True,True,0.0001,True,sum,0.1,0.99,0.01,16,0.0001,0.05,256,5,100,1,50000,361.9883099999988,36.198830999999885,5.297605091001145,0.43796516340537056,12.377555336008058,0,877.3513799999987,87.73513799999986,23.40356694623913,1.23950704790475,21.057850984621034,0,-51.53630699999998,-18.105961855237986,-0.8015418844993796,1.6183791088630204,0.18263462309179634,0.16249634325504303,0.16198642551898956,0.010198445990681648,0.009097466245293617,5.890771471554813,3.7333083858983547,17.40017318725586,True
UCB,3,ucb_031,44,Uncertainty-Aware UCB-VAE,True,True,0.0001,True,sum,0.1,0.99,0.01,16,0.0001,0.05,256,5,100,1,50000,1742.1515999999979,174.2151599999998,18.358363222502128,0.7377969594390218,37.65812437603212,10,2189.8820800000003,218.98820800000004,47.29686197141052,1.3347693139672423,38.35304342855221,10,-44.773048000000244,-28.938498748908394,-0.5969723545282205,11.446437335580036,0.24396866837452197,0.39660531282424927,0.39581194519996643,0.0158674418926239,0.0054958113469183445,7.31080439940412,3.087464335377432,18.329519271850586,True
UCB,3,ucb_035,42,Uncertainty-Aware UCB-VAE,True,True,0.0001,True,sum,0.15,0.93,0.01,16,0.0001,0.05,256,5,100,1,50000,19.482090000001563,1.9482090000001562,0.32290838333428606,-0.24373343644825562,15.965270684631605,0,311.46572999999876,31.146572999999876,9.475038060249098,0.5741558757725651,22.385419823701337,0,-29.19836399999972,-9.15212967691481,-0.8178893122208207,0.6190596848034248,0.17459355181661146,0.16783839464187622,0.16738513112068176,0.009065167978405952,0.003443849505856633,5.780849441107744,3.6990908753419176,18.074155807495117,True
UCB,3,ucb_035,43,Uncertainty-Aware UCB-VAE,True,True,0.0001,True,sum,0.15,0.93,0.01,16,0.0001,0.05,256,5,100,1,50000,365.51640999999836,36.55164099999983,5.343130938732421,0.4454028337366686,12.414783932935054,0,835.4622499999998,83.54622499999998,22.477350916133034,1.2410152389421882,19.09138243663639,0,-46.994584000000145,-17.134219977400612,-0.7956124052055196,1.5938106588829584,0.18261887410591388,0.1624489575624466,0.16193778812885284,0.01022343710064888,0.009054302237927914,5.857291979315318,3.696926751855376,17.370065689086914,True
UCB,3,ucb_035,44,Uncertainty-Aware UCB-VAE,True,True,0.0001,True,sum,0.15,0.93,0.01,16,0.0001,0.05,256,5,100,1,50000,1725.7921199999982,172.5792119999998,18.24008666357788,0.7333925852945108,37.65758067124879,10,2217.1598300000005,221.71598300000005,47.71620310400251,1.34314521344495,38.358221325813545,10,-49.13677100000024,-29.47611644042463,-0.6097526281504392,11.18716563452725,0.2420254125677306,0.391131192445755,0.39034315943717957,0.015760697424411774,0.005565449129790068,7.319450149424302,3.0806973625318164,18.346826553344727,True
UCB,3,ucb_039,42,Uncertainty-Aware UCB-VAE,True,True,0.0001,True,sum,0.15,0.99,0.01,16,0.0001,0.05,256,5,100,1,50000,10.530940000000783,1.0530940000000784,0.17519050151886262,-0.28150505496135647,15.896625336306627,0,265.9888399999986,26.598883999999863,8.192687608631054,0.5005025240748769,22.271229005679725,0,-25.545789999999784,-8.017497107112192,-0.7820075790362334,0.6010356892927423,0.1744162544094283,0.16610711812973022,0.16565494239330292,0.009043652564287186,0.0033771751914173365,5.742228525692536,3.709699325438639,18.035831451416016,True
UCB,3,ucb_039,43,Uncertainty-Aware UCB-VAE,True,True,0.0001,True,sum,0.15,0.99,0.01,16,0.0001,0.05,256,5,100,1,50000,353.2507799999976,35.32507799999976,5.184433565949931,0.4198711038018629,12.813433253123732,0,841.6726699999992,84.16726699999992,22.615553261746424,1.209778564680693,20.68919872018232,1,-48.84218900000016,-17.431119695796493,-0.78990746087883,1.622163862955791,0.1826794211206765,0.16242152452468872,0.1619100123643875,0.010230356827378273,0.009062664583325386,5.878110041874289,3.720871639182468,17.304807662963867,True
UCB,3,ucb_039,44,Uncertainty-Aware UCB-VAE,True,True,0.0001,True,sum,0.15,0.99,0.01,16,0.0001,0.05,256,5,100,1,50000,1742.1515999999979,174.2151599999998,18.358363222502128,0.7377969990289744,37.65812437603212,10,2192.537580000001,219.25375800000012,47.337789705043946,1.3379309382313305,38.408100309197515,10,-45.03859800000032,-28.979426482541818,-0.600133939202356,11.253636570743941,0.24196488754502657,0.39251992106437683,0.3917331099510193,0.01573648303747177,0.00556982634589076,7.295671265291292,3.1031634138824415,18.338891983032227,True
UCB,3,ucb_043,42,Uncertainty-Aware UCB-VAE,True,True,0.0001,True,sum,0.3,0.93,0.01,16,0.0001,0.05,256,5,100,1,50000,22.66672000000085,2.266672000000085,0.37520279613230123,-0.2686060831917299,14.35367743811226,0,307.90625999999907,30.790625999999904,9.375747169420157,0.5680068909356044,22.434191009618548,0,-28.52395399999982,-9.000544373287855,-0.8366129741273343,0.615760321483591,0.17429635134236565,0.16775469481945038,0.16730281710624695,0.00903746485710144,0.003411973128095269,5.7799759569147335,3.701122826151735,18.069175720214844,True
UCB,3,ucb_043,43,Uncertainty-Aware UCB-VAE,True,True,0.0001,True,sum,0.3,0.93,0.01,16,0.0001,0.05,256,5,100,1,50000,372.97889999999825,37.297889999999825,5.439103453902816,0.4427512630028359,13.201072305912204,0,900.3729599999992,90.03729599999993,23.9067485711691,1.2586341386918887,19.898469437444223,0,-52.7394060000001,-18.467645117266283,-0.8158828756890528,1.6363646740524995,0.18264131402147227,0.1618390530347824,0.1613299399614334,0.010182205587625504,0.00909905880689621,5.8813423871331105,3.7088814673946384,17.321088790893555,True
UCB,3,ucb_043,44,Uncertainty-Aware UCB-VAE,True,True,0.0001,True,sum,0.3,0.93,0.01,16,0.0001,0.05,256,5,100,1,50000,1725.763739999998,172.57637399999982,18.239880967339882,0.7337197898092838,37.657835339685256,10,2194.0060800000015,219.40060800000018,47.36041313567148,1.337403399400666,38.35304342855221,10,-46.82423400000036,-29.120532168331597,-0.6036836095913822,10.971561887142835,0.2398631148297211,0.3846835792064667,0.38390445709228516,0.015582209452986717,0.005753768142312765,7.32215998741137,3.102948454133262,18.348356246948242,True
UCB,3,ucb_047,42,Uncertainty-Aware UCB-VAE,True,True,0.0001,True,sum,0.3,0.99,0.01,16,0.0001,0.05,256,5,100,1,50000,14.487260000000333,1.4487260000000333,0.24061419396435024,-0.26618209343689075,14.236382679514406,0,278.2263099999982,27.82263099999982,8.540735955648149,0.5261801438076348,22.476154158247237,0,-26.373904999999787,-8.300121761683798,-0.7923622372445256,0.5930530484813735,0.1740153076319859,0.1659238636493683,0.16547642648220062,0.008948879316449165,0.003402375616133213,5.748888299820271,3.7134828607812853,18.037704467773438,True
UCB,3,ucb_047,43,Uncertainty-Aware UCB-VAE,True,True,0.0001,True,sum,0.3,0.99,0.01,16,0.0001,0.05,256,5,100,1,50000,396.8199200000008,39.68199200000008,5.742830777213781,0.4570349851846742,13.430288490364264,0,794.3879799999993,79.43879799999993,21.555377081680227,1.1931104330960922,20.578409355408166,0,-39.756805999999855,-15.812546304466446,-0.736075447911418,1.6698297456027595,0.18288486548538865,0.16362135112285614,0.16310952603816986,0.010236503556370735,0.009151393547654152,5.862226814939505,3.7176069944398797,17.42572593688965,True
UCB,3,ucb_047,44,Uncertainty-Aware UCB-VAE,True,True,0.0001,True,sum,0.3,0.99,0.01,16,0.0001,0.05,256,5,100,1,50000,1758.619859999998,175.8619859999998,18.47683412236625,0.7423913836766912,37.65769708084992,10,2192.877600000001,219.2877600000001,47.34302860485218,1.3380878013187454,38.42742619084799,10,-43.4257740000003,-28.86619448248593,-0.5956964176420542,10.866229936080398,0.23864322160852366,0.3767803907394409,0.3760114908218384,0.015377802774310112,0.005960248410701752,7.307184243369379,3.1192677230811108,18.35611915588379,True
UCB,3,ucb_051,42,Uncertainty-Aware UCB-VAE,True,True,0.0001,True,sum,0.5,0.93,0.01,16,0.0001,0.05,256,5,100,1,50000,4.709210000001804,0.47092100000018033,0.07853043522241254,-0.2850298708380403,16.64344444143558,0,268.80818999999815,26.880818999999818,8.273071323700787,0.5070664933690806,22.23152238519727,0,-26.409897999999636,-8.194540888478375,-0.7920963642071209,0.6203143889572891,0.17400569484151643,0.16750101745128632,0.16705219447612762,0.008976340293884277,0.003428300842642784,5.741528755244826,3.7053113129503905,18.032329559326172,True
UCB,3,ucb_051,43,Uncertainty-Aware UCB-VAE,True,True,0.0001,True,sum,0.5,0.93,0.01,16,0.0001,0.05,256,5,100,1,50000,542.6198199999981,54.26198199999981,7.51162548598161,0.5793951103490766,16.330502530920104,0,782.4099299999993,78.24099299999993,21.283867639721834,1.1912934142203877,20.88536292288078,0,-23.97901100000012,-13.772242153740223,-0.6118983038713111,1.5955019246493638,0.18281130780433785,0.16334983706474304,0.16283869743347168,0.01022281777113676,0.009064574725925922,5.8630381169039,3.725979073568587,17.476734161376953,True
UCB,3,ucb_051,44,Uncertainty-Aware UCB-VAE,True,True,0.0001,True,sum,0.5,0.93,0.01,16,0.0001,0.05,256,5,100,1,50000,1735.1539299999977,173.51539299999976,18.307843257953273,0.7365055853651677,37.647280753142674,10,2193.456150000001,219.34561500000007,47.35194183076796,1.3370158714218507,38.35304342855221,10,-45.830222000000305,-29.04409857281469,-0.600510286056683,10.839283829858458,0.23853986324935122,0.3777254819869995,0.37695571780204773,0.015395550057291985,0.005992499180138111,7.312943468904357,3.0885938771597052,18.350040435791016,True
UCB,3,ucb_055,42,Uncertainty-Aware UCB-VAE,True,True,0.0001,True,sum,0.5,0.99,0.01,16,0.0001,0.05,256,5,100,1,50000,2.6962800000003426,0.2696280000000343,0.04500056052727519,-0.3236001692268427,13.933865651148182,0,240.10387999999853,24.010387999999853,7.449035553145333,0.4442352636726626,22.256089033877473,0,-23.74075999999982,-7.404034992618058,-0.7678354328995053,0.6019694195229224,0.17343834864682164,0.1649397760629654,0.1644994020462036,0.00880742073059082,0.003475250443443656,5.735284213502702,3.7095172752687273,18.003742218017578,True
UCB,3,ucb_055,43,Uncertainty-Aware UCB-VAE,True,True,0.0001,True,sum,0.5,0.99,0.01,16,0.0001,0.05,256,5,100,1,50000,365.6286600000001,36.562866000000014,5.344577779868187,0.42269244328450256,13.523317466775994,0,850.1956299999997,85.01956299999998,22.804712806838157,1.2329024428411188,21.5554747276542,0,-48.45669699999996,-17.460135026969972,-0.8102099995566163,1.4069088067100555,0.1829441533006471,0.16374579071998596,0.16323049366474152,0.010305873118340969,0.00872175395488739,5.876922302322761,3.7385343645030877,17.397762298583984,True
UCB,3,ucb_055,44,Uncertainty-Aware UCB-VAE,True,True,0.0001,True,sum,0.5,0.99,0.01,16,0.0001,0.05,256,5,100,1,50000,1842.041189999998,184.2041189999998,19.068061877064224,0.7734610603652647,37.64633863812846,9,2188.4878300000005,218.84878300000005,47.27536409032349,1.3342999838899825,38.5403507133081,10,-34.64466400000026,-28.20730221325927,-0.5608389235247178,9.888506085011695,0.23416298000976957,0.3326626420021057,0.3319447636604309,0.014357740059494972,0.007367479614913464,7.30361823391753,3.097806521287539,18.36688995361328,True
