time,VIC,VCB,FPT,HPG,PLX,MWG
2013-01-08,17.97,7.45,4.31,1.28,,
2013-01-09,17.65,7.5,4.42,1.27,,
2013-01-10,17.65,7.69,4.48,1.28,,
2013-01-11,17.76,7.59,4.41,1.27,,
2013-01-14,17.76,7.55,4.28,1.24,,
2013-01-15,17.76,7.57,4.33,1.24,,
2013-01-16,17.97,7.59,4.38,1.25,,
2013-01-17,18.08,7.45,4.32,1.22,,
2013-01-18,18.08,7.48,4.3,1.22,,
2013-01-21,17.87,7.36,4.28,1.18,,
2013-01-22,18.25,7.24,4.21,1.16,,
2013-01-23,18.39,7.19,4.21,1.15,,
2013-01-24,18.39,7.33,4.31,1.23,,
2013-01-25,18.53,7.69,4.46,1.26,,
2013-01-28,18.81,7.76,4.52,1.27,,
2013-01-29,18.81,8.04,4.48,1.3,,
2013-01-30,18.81,8.11,4.63,1.35,,
2013-01-31,18.67,8.04,4.55,1.32,,
2013-02-01,18.81,8.11,4.48,1.31,,
2013-02-04,18.81,7.97,4.47,1.29,,
2013-02-05,18.81,7.97,4.45,1.31,,
2013-02-06,18.95,8.16,4.47,1.37,,
2013-02-07,18.95,8.16,4.49,1.39,,
2013-02-08,18.95,8.16,4.52,1.39,,
2013-02-18,18.53,8.11,4.54,1.4,,
2013-02-19,18.81,8.02,4.5,1.39,,
2013-02-20,18.81,8.07,4.48,1.4,,
2013-02-21,18.25,7.57,4.38,1.3,,
2013-02-22,17.97,7.74,4.37,1.32,,
2013-02-25,18.25,7.93,4.36,1.35,,
2013-02-26,17.55,7.58,4.19,1.27,,
2013-02-27,17.83,7.58,4.15,1.26,,
2013-02-28,18.81,7.93,4.2,1.29,,
2013-03-01,18.53,7.95,4.2,1.28,,
2013-03-04,19.09,7.88,4.11,1.19,,
2013-03-05,18.53,7.75,4.05,1.16,,
2013-03-06,18.53,7.9,4.11,1.21,,
2013-03-07,18.11,7.9,4.08,1.25,,
2013-03-08,18.25,7.93,4.17,1.27,,
2013-03-11,18.53,7.9,4.24,1.31,,
2013-03-12,17.83,7.93,4.24,1.35,,
2013-03-13,17.83,7.97,4.21,1.31,,
2013-03-14,17.97,7.85,4.23,1.33,,
2013-03-15,18.39,8.07,4.22,1.34,,
2013-03-18,18.11,8.0,4.19,1.32,,
2013-03-19,18.11,7.88,4.2,1.33,,
2013-03-20,18.25,7.93,4.22,1.34,,
2013-03-21,18.39,7.9,4.33,1.35,,
2013-03-22,18.25,7.8,4.31,1.32,,
2013-03-25,18.67,7.85,4.37,1.36,,
2013-03-26,18.53,7.8,4.34,1.37,,
2013-03-27,18.11,7.93,4.29,1.36,,
2013-03-28,17.97,7.85,4.29,1.37,,
2013-03-29,17.83,7.85,4.29,1.38,,
2013-04-01,18.39,7.85,4.36,1.48,,
2013-04-02,18.53,7.9,4.39,1.52,,
2013-04-03,18.11,7.85,4.36,1.49,,
2013-04-04,17.83,7.78,4.32,1.49,,
2013-04-05,18.25,7.63,4.36,1.53,,
2013-04-08,18.25,7.73,4.5,1.52,,
2013-04-09,17.97,7.66,4.64,1.52,,
2013-04-10,17.69,7.14,4.52,1.44,,
2013-04-11,17.97,7.24,4.45,1.45,,
2013-04-12,17.83,7.04,4.42,1.45,,
2013-04-15,17.41,6.7,4.29,1.42,,
2013-04-16,17.41,6.87,4.25,1.43,,
2013-04-17,17.41,6.92,4.31,1.43,,
2013-04-18,17.26,6.7,4.2,1.39,,
2013-04-22,17.12,6.55,4.19,1.38,,
2013-04-23,17.26,6.62,4.23,1.41,,
2013-04-24,17.12,6.53,4.21,1.42,,
2013-04-25,17.41,6.72,4.22,1.45,,
2013-04-26,17.41,6.72,4.22,1.46,,
2013-05-02,17.83,6.67,4.2,1.49,,
2013-05-03,17.83,6.67,4.21,1.52,,
2013-05-06,17.97,6.87,4.34,1.54,,
2013-05-07,17.97,6.85,4.25,1.52,,
2013-05-08,18.11,6.89,4.29,1.54,,
2013-05-09,18.11,6.82,4.29,1.6,,
2013-05-10,17.97,6.75,4.3,1.63,,
2013-05-13,18.11,6.82,4.31,1.61,,
2013-05-14,18.11,6.67,4.36,1.55,,
2013-05-15,17.97,6.85,4.4,1.62,,
2013-05-16,17.83,7.21,4.4,1.62,,
2013-05-17,17.97,7.02,4.37,1.6,,
2013-05-20,17.97,7.21,4.46,1.66,,
2013-05-21,18.11,7.24,4.76,1.67,,
2013-05-22,18.53,7.24,4.73,1.67,,
2013-05-23,17.97,7.02,4.73,1.65,,
2013-05-24,18.25,6.99,4.76,1.67,,
2013-05-27,18.81,7.24,4.86,1.72,,
2013-05-28,18.81,7.29,4.89,1.73,,
2013-05-29,20.07,7.26,4.99,1.74,,
2013-05-30,20.07,7.53,4.98,1.74,,
2013-05-31,19.09,7.58,5.05,1.74,,
2013-06-03,19.37,7.61,5.03,1.71,,
2013-06-04,20.07,7.41,5.07,1.67,,
2013-06-05,19.51,7.51,5.13,1.69,,
2013-06-06,19.23,7.68,5.18,1.7,,
2013-06-07,19.51,7.85,5.16,1.7,,
2013-06-10,19.65,7.78,5.17,1.69,,
2013-06-11,19.23,7.68,5.13,1.67,,
2013-06-12,19.37,7.48,5.11,1.62,,
2013-06-13,19.09,7.58,5.07,1.65,,
2013-06-14,18.25,7.51,5.01,1.64,,
2013-06-17,17.97,7.51,4.9,1.59,,
2013-06-18,17.97,7.61,4.87,1.59,,
2013-06-19,17.97,7.61,4.88,1.58,,
2013-06-20,17.83,7.58,4.86,1.56,,
2013-06-21,17.69,7.56,4.84,1.5,,
2013-06-24,17.55,7.24,4.82,1.5,,
2013-06-25,17.26,6.8,4.7,1.44,,
2013-06-26,17.26,6.62,4.71,1.44,,
2013-06-27,17.69,6.77,4.72,1.52,,
2013-06-28,17.55,6.87,4.74,1.5,,
2013-07-01,17.26,6.72,4.76,1.47,,
2013-07-02,17.83,6.82,4.81,1.51,,
2013-07-03,17.83,6.72,4.83,1.5,,
2013-07-04,17.69,6.72,4.92,1.47,,
2013-07-05,17.69,6.75,4.95,1.49,,
2013-07-08,17.41,6.77,4.88,1.47,,
2013-07-09,17.69,6.77,4.83,1.47,,
2013-07-10,17.55,6.7,4.82,1.47,,
2013-07-11,17.83,6.75,4.81,1.46,,
2013-07-12,18.25,6.82,4.88,1.53,,
2013-07-15,18.11,6.82,4.89,1.57,,
2013-07-16,17.97,6.8,4.95,1.56,,
2013-07-17,17.97,6.8,4.96,1.56,,
2013-07-18,17.83,6.77,4.91,1.61,,
2013-07-19,17.97,6.87,4.98,1.63,,
2013-07-22,17.83,6.85,4.98,1.63,,
2013-07-23,17.83,6.94,4.95,1.67,,
2013-07-24,17.83,6.77,4.88,1.64,,
2013-07-25,17.97,6.75,4.92,1.61,,
2013-07-26,17.97,6.75,4.87,1.61,,
2013-07-29,17.69,6.62,4.79,1.57,,
2013-07-30,17.41,6.67,4.88,1.62,,
2013-07-31,17.69,6.58,4.88,1.61,,
2013-08-01,17.83,6.55,4.87,1.61,,
2013-08-02,17.83,6.62,4.9,1.62,,
2013-08-05,17.97,6.65,5.05,1.63,,
2013-08-06,18.11,6.72,5.13,1.63,,
2013-08-07,18.53,6.65,5.25,1.67,,
2013-08-08,18.53,6.6,5.13,1.67,,
2013-08-09,18.53,6.6,5.17,1.66,,
2013-08-12,18.11,6.58,5.15,1.66,,
2013-08-13,18.25,6.53,5.16,1.67,,
2013-08-14,18.39,6.55,5.18,1.68,,
2013-08-15,18.53,6.62,5.37,1.71,,
2013-08-16,18.67,6.62,5.4,1.73,,
2013-08-19,18.53,6.6,5.52,1.73,,
2013-08-20,18.25,6.55,5.49,1.73,,
2013-08-21,18.39,6.58,5.44,1.75,,
2013-08-22,18.67,6.4,5.33,1.71,,
2013-08-23,18.53,6.18,5.24,1.7,,
2013-08-26,18.25,6.18,5.23,1.7,,
2013-08-27,17.97,6.16,5.21,1.7,,
2013-08-28,17.83,6.04,5.02,1.64,,
2013-08-29,17.26,5.72,5.0,1.62,,
2013-08-30,17.55,6.06,5.06,1.66,,
2013-09-03,17.41,5.82,5.02,1.68,,
2013-09-04,17.41,5.79,5.03,1.64,,
2013-09-05,17.41,5.91,5.13,1.67,,
2013-09-06,17.83,6.01,5.2,1.73,,
2013-09-09,17.41,5.82,5.07,1.7,,
2013-09-10,17.69,5.86,5.1,1.74,,
2013-09-11,17.83,5.96,5.08,1.8,,
2013-09-12,17.69,5.96,5.04,1.82,,
2013-09-13,17.69,6.01,5.02,1.8,,
2013-09-16,17.55,6.18,5.01,1.81,,
2013-09-17,17.55,6.33,5.03,1.81,,
2013-09-18,17.55,6.18,5.08,1.8,,
2013-09-19,17.55,6.18,5.09,1.8,,
2013-09-20,17.26,6.26,5.1,1.81,,
2013-09-23,17.41,6.21,5.21,1.92,,
2013-09-24,17.55,6.26,5.3,1.9,,
2013-09-25,17.41,6.28,5.25,1.87,,
2013-09-26,17.55,6.28,5.3,1.91,,
2013-09-27,17.55,6.33,5.28,1.92,,
2013-09-30,17.55,6.6,5.29,1.93,,
2013-10-01,17.41,6.8,5.25,1.9,,
2013-10-02,17.55,6.85,5.29,1.91,,
2013-10-03,17.55,6.8,5.25,1.9,,
2013-10-04,17.69,6.89,5.35,1.93,,
2013-10-07,17.97,6.97,5.41,1.99,,
2013-10-08,17.97,7.12,5.38,2.0,,
2013-10-09,17.97,7.02,5.36,1.98,,
2013-10-10,17.97,6.97,5.29,1.96,,
2013-10-11,17.97,7.07,5.28,1.97,,
2013-10-14,17.83,7.07,5.27,1.98,,
2013-10-15,17.97,7.09,5.34,1.99,,
2013-10-16,18.11,7.31,5.36,1.98,,
2013-10-17,18.25,7.24,5.38,1.98,,
2013-10-18,18.39,7.29,5.42,1.98,,
2013-10-21,18.53,7.26,5.42,1.98,,
2013-10-22,18.67,7.21,5.4,1.98,,
2013-10-23,18.95,7.39,5.42,2.02,,
2013-10-24,18.67,7.34,5.4,2.02,,
2013-10-25,18.67,7.36,5.35,2.02,,
2013-10-28,18.53,7.24,5.33,2.01,,
2013-10-29,18.53,7.26,5.35,2.01,,
2013-10-30,18.81,7.21,5.4,2.01,,
2013-10-31,18.95,7.24,5.37,2.04,,
2013-11-01,18.81,7.21,5.4,2.04,,
2013-11-04,18.81,7.09,5.4,2.05,,
2013-11-05,18.67,7.21,5.38,2.05,,
2013-11-06,18.67,7.29,5.41,2.08,,
2013-11-07,18.67,7.31,5.37,2.09,,
2013-11-08,18.53,7.31,5.4,2.09,,
2013-11-11,18.53,7.36,5.41,2.12,,
2013-11-12,18.53,7.29,5.43,2.1,,
2013-11-13,18.53,7.24,5.42,2.08,,
2013-11-14,18.67,7.26,5.43,2.19,,
2013-11-15,18.67,7.29,5.58,2.17,,
2013-11-18,18.81,7.31,5.64,2.18,,
2013-11-19,19.09,7.14,5.67,2.16,,
2013-11-20,19.09,7.19,5.64,2.2,,
2013-11-21,19.09,7.09,5.63,2.17,,
2013-11-22,19.09,7.09,5.69,2.17,,
2013-11-25,19.23,7.09,5.7,2.18,,
2013-11-26,19.23,7.02,5.7,2.22,,
2013-11-27,18.81,6.94,5.7,2.21,,
2013-11-28,19.09,6.94,5.68,2.21,,
2013-11-29,19.37,6.99,5.64,2.21,,
2013-12-02,19.65,6.97,5.67,2.21,,
2013-12-03,19.93,6.97,5.72,2.22,,
2013-12-04,19.93,6.89,5.72,2.21,,
2013-12-05,19.93,6.75,5.64,2.19,,
2013-12-06,19.93,6.85,5.63,2.19,,
2013-12-09,19.93,6.87,5.57,2.15,,
2013-12-10,20.07,6.82,5.54,2.15,,
2013-12-11,20.07,6.7,5.49,2.14,,
2013-12-12,20.07,6.62,5.49,2.13,,
2013-12-13,19.93,6.55,5.54,2.09,,
2013-12-16,18.95,6.5,5.54,2.1,,
2013-12-17,19.65,6.58,5.54,2.14,,
2013-12-18,19.93,6.6,5.55,2.14,,
2013-12-19,19.65,6.67,5.55,2.16,,
2013-12-20,18.53,6.58,5.51,2.14,,
2013-12-23,19.65,6.65,5.54,2.19,,
2013-12-24,19.51,6.6,5.5,2.19,,
2013-12-25,19.37,6.58,5.49,2.19,,
2013-12-26,19.65,6.62,5.52,2.22,,
2013-12-27,19.65,6.58,5.52,2.25,,
2013-12-30,19.37,6.48,5.48,2.25,,
2013-12-31,19.65,6.58,5.52,2.26,,
2014-01-02,19.65,6.55,5.56,2.26,,
2014-01-03,19.79,6.67,5.55,2.29,,
2014-01-06,19.79,6.65,5.63,2.32,,
2014-01-07,19.79,6.8,5.57,2.32,,
2014-01-08,19.65,6.89,5.61,2.33,,
2014-01-09,19.79,6.94,5.68,2.37,,
2014-01-10,19.93,6.82,5.71,2.37,,
2014-01-13,19.93,6.75,5.76,2.38,,
2014-01-14,19.79,6.8,5.77,2.47,,
2014-01-15,19.79,6.8,5.86,2.53,,
2014-01-16,19.79,6.8,5.92,2.61,,
2014-01-17,20.35,6.97,6.04,2.77,,
2014-01-20,21.34,7.16,6.1,2.86,,
2014-01-21,22.32,7.26,6.22,2.97,,
2014-01-22,21.62,7.16,6.22,2.77,,
2014-01-23,21.19,7.19,6.39,2.59,,
2014-01-24,21.48,7.09,6.57,2.55,,
2014-01-27,21.48,6.99,6.51,2.51,,
2014-02-06,21.19,6.85,6.39,2.66,,
2014-02-07,20.91,6.82,6.28,2.62,,
2014-02-10,21.34,6.94,6.51,2.63,,
2014-02-11,21.48,6.94,6.45,2.62,,
2014-02-12,21.76,7.12,6.69,2.69,,
2014-02-13,21.9,7.09,6.69,2.7,,
2014-02-14,21.62,7.12,6.63,2.67,,
2014-02-17,21.48,7.07,6.57,2.64,,
2014-02-18,21.9,7.12,6.69,2.66,,
2014-02-19,22.04,7.14,6.92,2.65,,
2014-02-20,22.04,7.14,6.69,2.58,,
2014-02-21,21.76,7.12,6.8,2.61,,
2014-02-24,21.9,7.14,6.98,2.67,,
2014-02-25,21.9,7.21,7.21,2.86,,
2014-02-26,21.76,7.43,7.57,2.8,,
2014-02-27,21.9,7.48,7.39,2.72,,
2014-02-28,21.48,7.51,7.51,2.66,,
2014-03-03,20.91,7.31,7.21,2.66,,
2014-03-04,20.63,7.31,7.15,2.63,,
2014-03-05,20.91,7.36,7.27,2.66,,
2014-03-06,20.91,7.36,7.33,2.69,,
2014-03-07,21.05,7.34,7.39,2.67,,
2014-03-10,21.19,7.56,7.45,2.68,,
2014-03-11,21.05,7.63,7.86,2.74,,
2014-03-12,21.62,7.51,7.92,2.83,,
2014-03-13,21.62,7.66,7.98,2.8,,
2014-03-14,21.34,7.68,7.92,2.75,,
2014-03-17,22.04,7.56,7.92,2.69,,
2014-03-18,21.76,7.48,8.33,2.74,,
2014-03-19,21.76,7.58,8.45,2.88,,
2014-03-20,21.48,7.53,8.33,2.86,,
2014-03-21,22.04,7.63,8.39,2.86,,
2014-03-24,21.9,7.8,8.33,2.91,,
2014-03-25,21.48,7.78,8.15,2.83,,
2014-03-26,20.63,7.46,7.98,2.83,,
2014-03-27,20.91,7.46,7.98,2.88,,
2014-03-28,20.77,7.56,8.27,2.91,,
2014-03-31,20.63,7.56,8.21,2.91,,
2014-04-01,20.35,7.63,8.09,2.86,,
2014-04-02,20.35,7.66,7.98,2.86,,
2014-04-03,20.63,7.68,8.03,2.88,,
2014-04-04,20.63,7.68,7.98,3.05,,
2014-04-07,20.49,7.7,8.15,3.13,,
2014-04-08,19.93,7.73,8.27,3.1,,
2014-04-10,19.79,7.66,8.21,3.13,,
2014-04-11,19.37,7.61,8.27,3.08,,
2014-04-14,19.23,7.53,8.39,3.13,,
2014-04-15,19.09,7.36,8.27,2.99,,
2014-04-16,18.53,7.21,8.09,2.97,,
2014-04-17,18.67,7.21,8.21,2.97,,
2014-04-18,18.25,7.09,7.92,2.86,,
2014-04-21,18.11,6.99,7.62,2.86,,
2014-04-22,18.53,7.12,7.86,3.05,,
2014-04-23,18.81,7.12,7.68,3.05,,
2014-04-24,18.81,7.12,7.68,3.08,,
2014-04-25,18.81,7.12,7.92,3.22,,
2014-04-28,18.39,6.99,8.03,3.2,,
2014-04-29,18.25,7.07,8.03,3.23,,
2014-05-05,17.97,6.65,7.74,3.14,,
2014-05-06,17.83,6.5,7.62,3.11,,
2014-05-07,18.11,6.55,7.65,3.07,,
2014-05-08,17.55,6.11,7.13,2.86,,
2014-05-09,17.97,6.23,6.95,3.0,,
2014-05-12,17.55,5.84,6.47,2.86,,
2014-05-13,17.55,5.96,6.12,2.88,,
2014-05-14,18.11,6.38,6.48,3.05,,
2014-05-15,18.11,6.35,6.23,3.04,,
2014-05-16,18.25,6.62,6.6,3.06,,
2014-05-19,18.81,6.72,6.6,3.19,,
2014-05-20,18.67,6.7,6.66,3.16,,
2014-05-21,18.81,6.67,6.93,3.15,,
2014-05-22,18.53,6.62,6.87,3.18,,
2014-05-23,18.67,6.45,6.81,3.31,,
2014-05-26,18.81,6.7,6.78,3.31,,
2014-05-27,18.81,6.99,6.84,3.31,,
2014-05-28,18.67,7.09,6.9,3.38,,
2014-05-29,18.81,7.02,6.92,3.31,,
2014-05-30,19.23,7.12,6.93,3.31,,
2014-06-02,18.95,7.12,6.81,3.31,,
2014-06-03,18.81,7.09,6.78,3.31,,
2014-06-04,18.11,6.99,6.66,3.18,,
2014-06-05,18.25,6.85,6.63,3.16,,
2014-06-06,18.25,7.07,6.75,3.25,,
2014-06-09,18.53,7.07,6.74,3.31,,
2014-06-10,18.39,7.02,6.74,3.25,,
2014-06-11,18.39,7.14,6.98,3.25,,
2014-06-12,18.25,7.31,7.07,3.24,,
2014-06-13,18.11,7.39,7.05,3.38,,
2014-06-16,18.25,7.34,6.98,3.34,,
2014-06-17,18.11,7.36,7.04,3.41,,
2014-06-18,18.25,7.64,6.99,3.41,,
2014-06-19,17.83,7.52,6.93,3.41,,
2014-06-20,17.55,7.32,6.93,3.34,,
2014-06-23,17.83,7.7,6.89,3.47,,
2014-06-24,17.83,7.64,6.93,3.47,,
2014-06-25,18.11,7.73,6.99,3.47,,
2014-06-26,18.11,7.76,6.98,3.47,,
2014-06-27,17.83,7.73,7.02,3.47,,
2014-06-30,17.97,7.7,6.99,3.51,,
2014-07-01,18.11,7.64,7.01,3.51,,
2014-07-02,18.11,7.61,7.05,3.47,,
2014-07-03,18.39,7.61,7.23,3.57,,
2014-07-04,18.67,7.67,7.43,3.6,,
2014-07-07,19.93,7.73,7.5,3.57,,
2014-07-08,20.07,7.7,7.49,3.57,,
2014-07-09,19.93,7.61,7.46,3.6,,
2014-07-10,19.51,7.55,7.32,3.57,,
2014-07-11,19.51,7.55,7.31,3.57,,
2014-07-14,19.51,7.55,7.41,3.64,,4.28
2014-07-15,19.65,7.58,7.5,3.7,,4.57
2014-07-16,19.65,7.67,7.49,3.73,,4.88
2014-07-17,19.37,7.61,7.41,3.77,,5.22
2014-07-18,19.65,7.7,7.88,3.77,,5.56
2014-07-21,19.79,7.7,7.65,3.73,,5.56
2014-07-22,19.65,7.58,7.8,3.7,,5.72
2014-07-23,19.65,7.61,7.73,3.67,,5.72
2014-07-24,19.79,7.64,7.88,3.73,,5.67
2014-07-25,20.49,7.58,7.73,3.67,,5.67
2014-07-28,20.21,7.52,7.5,3.57,,5.67
2014-07-29,20.49,7.58,7.46,3.57,,5.56
2014-07-30,20.49,7.52,7.49,3.57,,5.56
2014-07-31,20.77,7.52,7.58,3.73,,5.41
2014-08-01,21.19,7.58,7.47,3.67,,5.41
2014-08-04,21.9,7.61,7.5,3.64,,5.41
2014-08-05,21.62,7.7,7.73,3.7,,5.46
2014-08-06,22.38,7.64,7.65,3.7,,5.62
2014-08-07,22.24,7.64,7.58,3.67,,5.62
2014-08-08,21.95,7.61,7.58,3.64,,5.62
2014-08-11,21.95,7.55,7.58,3.64,,5.98
2014-08-12,22.67,7.58,7.58,3.6,,6.19
2014-08-13,22.53,7.64,7.73,3.7,,6.51
2014-08-14,22.67,7.61,7.8,3.7,,6.93
2014-08-15,22.38,7.55,7.73,3.7,,7.4
2014-08-18,22.53,7.58,7.88,3.67,,7.82
2014-08-19,22.53,7.58,7.95,3.73,,7.3
2014-08-20,22.24,7.79,7.95,3.73,,7.3
2014-08-21,22.38,7.99,7.88,3.8,,7.09
2014-08-22,22.81,7.99,7.95,3.86,,7.4
2014-08-25,23.25,8.05,8.03,3.9,,7.56
2014-08-26,24.69,8.2,8.41,3.96,,7.03
2014-08-27,24.69,8.11,8.41,3.9,,7.19
2014-08-28,24.05,8.08,8.72,3.8,,7.19
2014-08-29,25.12,8.23,8.8,3.77,,7.09
2014-09-03,24.91,8.32,8.72,3.86,,7.09
2014-09-04,24.69,8.46,8.72,3.96,,6.93
2014-09-05,23.83,8.61,8.87,3.96,,7.14
2014-09-08,24.26,8.61,8.95,3.96,,7.61
2014-09-09,23.83,8.41,8.49,3.83,,7.82
2014-09-10,23.62,8.41,8.57,3.83,,7.98
2014-09-11,23.4,8.38,8.49,3.73,,7.98
2014-09-12,23.83,8.38,8.57,3.77,,7.93
2014-09-15,23.4,8.17,8.57,3.77,,7.98
2014-09-16,23.4,8.05,8.57,3.73,,7.98
2014-09-17,23.4,7.99,8.64,3.8,,7.98
2014-09-18,23.4,8.02,8.41,3.77,,8.08
2014-09-19,23.4,7.73,8.26,3.64,,8.61
2014-09-22,23.4,7.88,8.11,3.67,,9.18
2014-09-23,24.05,7.88,8.03,3.73,,9.13
2014-09-24,23.83,7.85,8.03,3.8,,9.08
2014-09-25,22.33,7.79,8.18,3.8,,8.45
2014-09-26,22.12,7.76,8.03,3.77,,8.76
2014-09-29,20.83,7.7,7.95,3.77,,8.82
2014-09-30,20.61,7.67,7.95,3.73,,8.87
2014-10-01,21.26,7.76,8.18,3.77,,8.92
2014-10-02,21.04,8.05,8.26,3.83,,9.03
2014-10-03,21.47,8.08,8.18,3.83,,9.18
2014-10-06,21.9,7.99,8.18,3.73,,9.18
2014-10-07,21.69,7.99,8.18,3.73,,9.18
2014-10-08,21.43,7.94,8.11,3.83,,9.82
2014-10-09,21.0,7.99,8.03,3.8,,10.44
2014-10-10,20.87,7.94,7.95,3.8,,10.44
2014-10-13,20.96,7.94,8.18,3.8,,9.99
2014-10-14,20.66,7.85,7.95,3.67,,9.99
2014-10-15,20.48,7.91,7.95,3.6,,10.08
2014-10-16,19.97,7.85,7.6,3.44,,9.55
2014-10-17,19.88,7.76,7.73,3.47,,9.73
2014-10-20,20.18,7.82,7.65,3.57,,9.64
2014-10-21,21.0,7.85,7.65,3.57,,9.64
2014-10-22,20.61,7.85,7.73,3.64,,9.55
2014-10-23,20.31,7.79,7.63,3.54,,9.37
2014-10-24,20.48,7.79,7.62,3.54,,9.64
2014-10-27,20.14,7.64,7.45,3.44,,9.73
2014-10-28,20.1,7.79,7.5,3.51,,9.46
2014-10-29,20.48,7.73,7.65,3.54,,9.37
2014-10-30,20.44,7.85,7.65,3.54,,9.55
2014-10-31,20.61,8.14,7.8,3.57,,9.46
2014-11-03,21.13,8.29,7.88,3.67,,9.19
2014-11-04,20.83,8.08,7.8,3.64,,9.19
2014-11-05,20.83,8.05,7.73,3.6,,8.92
2014-11-06,20.66,7.99,7.65,3.57,,8.66
2014-11-07,20.74,7.99,7.73,3.67,,9.19
2014-11-10,20.91,8.02,7.73,3.67,,9.1
2014-11-11,20.87,7.99,7.8,3.73,,9.1
2014-11-12,20.96,8.02,7.73,3.73,,9.01
2014-11-13,20.96,8.02,7.73,3.73,,9.01
2014-11-14,21.21,8.08,7.65,3.7,,9.1
2014-11-17,21.3,8.02,7.63,3.7,,9.01
2014-11-18,20.83,7.94,7.51,3.7,,8.83
2014-11-19,20.78,7.82,7.5,3.6,,8.74
2014-11-20,20.7,7.99,7.5,3.67,,8.74
2014-11-21,20.61,8.08,7.51,3.6,,8.74
2014-11-24,20.61,8.05,7.47,3.57,,8.48
2014-11-25,21.17,8.11,7.53,3.57,,8.3
2014-11-26,20.78,7.94,7.47,3.47,,8.21
2014-11-27,20.7,8.02,7.45,3.54,,8.12
2014-11-28,20.74,8.14,7.36,3.47,,7.94
2014-12-01,20.87,8.29,7.31,3.51,,7.58
2014-12-02,20.83,8.26,7.3,3.51,,8.08
2014-12-03,20.74,8.44,7.37,3.57,,8.61
2014-12-04,20.78,8.61,7.43,3.57,,8.92
2014-12-05,20.91,8.91,7.45,3.6,,8.88
2014-12-08,21.0,9.23,7.39,3.54,,8.88
2014-12-09,20.53,9.29,7.22,3.38,,8.83
2014-12-10,20.91,8.82,7.3,3.44,,8.79
2014-12-11,20.7,8.73,7.25,3.41,,8.88
2014-12-12,20.7,9.11,7.36,3.44,,8.92
2014-12-15,20.66,8.94,7.31,3.38,,8.92
2014-12-16,20.18,8.99,7.22,3.23,,8.92
2014-12-17,19.32,8.91,6.91,3.1,,8.92
2014-12-18,20.23,8.94,7.07,3.14,,8.83
2014-12-19,20.18,8.32,6.98,3.14,,9.1
2014-12-22,20.18,8.76,7.08,3.34,,9.1
2014-12-23,19.97,8.99,7.17,3.34,,9.28
2014-12-24,20.05,8.88,7.17,3.34,,9.73
2014-12-25,19.71,8.79,7.11,3.31,,9.37
2014-12-26,20.01,9.05,7.07,3.25,,9.46
2014-12-29,20.14,9.32,7.02,3.34,,9.46
2014-12-30,20.4,9.41,7.08,3.41,,9.64
2014-12-31,20.48,9.38,7.34,3.44,,9.73
2015-01-05,20.44,9.38,7.31,3.44,,9.64
2015-01-06,20.53,9.99,7.36,3.47,,9.64
2015-01-07,20.48,9.88,7.4,3.44,,9.46
2015-01-08,20.61,10.17,7.33,3.44,,9.55
2015-01-09,20.53,10.85,7.39,3.51,,9.73
2015-01-12,20.31,10.93,7.43,3.51,,9.82
2015-01-13,20.23,10.87,7.45,3.51,,10.26
2015-01-14,20.23,10.99,7.43,3.51,,10.62
2015-01-15,20.35,10.82,7.45,3.51,,10.71
2015-01-16,20.31,10.67,7.42,3.44,,10.35
2015-01-19,20.31,10.4,7.34,3.41,,10.53
2015-01-20,20.23,10.58,7.34,3.44,,10.71
2015-01-21,20.23,10.4,7.4,3.47,,10.71
2015-01-22,20.23,10.64,7.37,3.44,,10.62
2015-01-23,20.61,10.9,7.4,3.34,,10.71
2015-01-26,20.7,10.76,7.4,3.23,,10.53
2015-01-27,20.61,10.67,7.34,3.28,,10.62
2015-01-28,20.44,10.99,7.33,3.28,,10.89
2015-01-29,20.44,10.85,7.33,3.21,,11.15
2015-01-30,20.61,10.49,7.27,3.1,,11.06
2015-02-02,20.48,10.49,7.25,3.08,,10.71
2015-02-03,20.14,9.79,7.19,3.03,,10.71
2015-02-04,20.14,9.73,7.17,2.93,,10.98
2015-02-05,20.1,10.26,7.22,2.92,,11.24
2015-02-06,20.14,10.58,7.24,2.99,,11.33
2015-02-09,20.31,10.64,7.22,2.91,,11.51
2015-02-10,20.27,10.7,7.21,3.01,,11.42
2015-02-11,20.83,10.9,7.27,3.14,,11.6
2015-02-12,21.47,10.67,7.31,3.17,,11.6
2015-02-13,21.69,10.73,7.34,3.19,,11.6
2015-02-24,22.12,11.46,7.43,3.2,,12.4
2015-02-25,21.47,11.2,7.42,3.14,,12.58
2015-02-26,21.43,11.58,7.5,3.11,,12.67
2015-02-27,21.26,11.29,7.47,3.06,,11.96
2015-03-02,21.43,11.29,7.42,3.0,,11.42
2015-03-03,22.33,11.32,7.48,3.06,,11.42
2015-03-04,22.12,11.4,7.65,3.06,,11.51
2015-03-05,21.9,11.14,7.65,3.07,,11.24
2015-03-06,21.43,10.96,7.65,3.06,,10.98
2015-03-09,21.34,10.7,7.53,3.16,,10.98
2015-03-10,21.34,10.82,7.6,3.12,,10.44
2015-03-11,21.17,10.73,7.57,3.08,,10.17
2015-03-12,21.3,10.82,7.53,3.04,,10.62
2015-03-13,21.3,10.79,7.53,3.02,,10.62
2015-03-16,21.13,10.38,7.56,2.93,,10.44
2015-03-17,21.17,10.49,7.65,2.92,,10.53
2015-03-18,21.17,10.52,7.59,2.9,,10.53
2015-03-19,21.08,10.43,7.57,2.86,,10.44
2015-03-20,20.87,10.58,7.62,3.01,,10.44
2015-03-23,20.74,10.35,7.56,2.92,,10.26
2015-03-24,20.74,10.38,7.51,2.88,,10.17
2015-03-25,20.7,10.4,7.53,2.86,,10.08
2015-03-26,20.4,10.29,7.54,2.85,,9.82
2015-03-27,20.23,10.38,7.53,2.85,,9.55
2015-03-30,20.01,10.32,7.4,2.86,,9.55
2015-03-31,20.18,10.32,7.4,2.86,,9.55
2015-04-01,19.75,10.29,7.3,2.86,,9.64
2015-04-02,19.88,10.49,7.36,2.86,,9.55
2015-04-03,19.8,10.49,7.47,2.92,,9.55
2015-04-06,19.71,10.43,7.42,2.88,,9.37
2015-04-07,19.84,10.52,7.48,2.88,,9.64
2015-04-08,19.75,10.43,7.48,2.87,,9.64
2015-04-09,19.8,10.52,7.48,2.87,,9.55
2015-04-10,20.4,10.58,7.53,2.87,,9.55
2015-04-13,20.87,10.7,7.53,2.87,,9.64
2015-04-14,20.44,10.7,7.45,2.88,,9.64
2015-04-15,20.4,10.76,7.48,2.92,,9.55
2015-04-16,20.66,10.96,7.47,2.92,,9.55
2015-04-17,20.96,10.99,7.8,2.96,,9.55
2015-04-20,20.87,10.96,7.73,2.93,,9.37
2015-04-21,20.83,10.79,7.65,2.93,,9.37
2015-04-22,20.87,10.87,7.65,2.93,,9.28
2015-04-23,20.96,10.87,7.73,2.89,,9.28
2015-04-24,20.96,10.93,7.73,2.89,,9.73
2015-04-27,20.87,10.64,7.88,2.86,,9.73
2015-05-04,20.66,10.46,7.56,2.81,,9.64
2015-05-05,20.96,10.93,7.65,2.87,,9.55
2015-05-06,20.66,10.9,7.59,2.82,,9.37
2015-05-07,20.87,11.05,7.63,2.84,,9.46
2015-05-08,20.74,11.37,7.63,2.81,,9.55
2015-05-11,20.61,11.43,7.6,2.76,,9.37
2015-05-12,20.4,11.35,7.53,2.68,,9.1
2015-05-13,20.4,11.2,7.53,2.62,,9.03
2015-05-14,20.35,11.26,7.54,2.67,,8.42
2015-05-15,20.18,11.29,7.51,2.6,,7.86
2015-05-18,19.88,11.35,7.47,2.47,,8.37
2015-05-19,20.01,11.49,7.53,2.49,,8.92
2015-05-20,20.23,11.64,7.8,2.66,,9.42
2015-05-21,20.27,11.76,8.03,2.66,,8.98
2015-05-22,20.83,12.4,7.95,2.68,,8.92
2015-05-25,20.7,12.34,8.26,2.66,,8.64
2015-05-26,20.74,12.64,8.11,2.71,,8.92
2015-05-27,20.66,12.61,8.03,2.67,,8.87
2015-05-28,20.53,12.67,8.14,2.67,,8.81
2015-05-29,20.4,12.73,8.07,2.65,,8.7
2015-06-01,20.91,13.43,7.94,2.63,,8.59
2015-06-02,20.66,13.49,7.84,2.62,,8.48
2015-06-03,20.74,13.08,7.93,2.55,,8.31
2015-06-04,20.96,13.08,7.96,2.56,,8.37
2015-06-05,20.96,13.26,8.03,2.52,,8.59
2015-06-08,21.04,13.31,7.94,2.59,,8.53
2015-06-09,21.04,12.99,7.94,2.69,,8.53
2015-06-10,20.87,12.73,8.0,2.82,,8.37
2015-06-11,21.13,12.84,8.03,2.87,,8.37
2015-06-12,22.33,12.81,8.09,2.85,,8.37
2015-06-15,21.69,13.31,8.07,2.86,,8.25
2015-06-16,21.69,13.08,7.98,2.88,,8.25
2015-06-17,21.69,13.05,7.96,2.83,,8.14
2015-06-18,21.69,13.2,7.98,2.82,,8.14
2015-06-19,21.9,13.67,8.03,2.74,,8.09
2015-06-22,22.12,13.99,8.18,2.77,,8.03
2015-06-23,22.33,13.99,8.16,2.81,,7.81
2015-06-24,22.54,13.78,8.11,2.78,,8.31
2015-06-25,22.54,13.78,8.07,2.73,,8.2
2015-06-26,22.33,13.42,8.3,2.72,,8.37
2015-06-29,23.07,14.11,8.39,2.79,,8.2
2015-06-30,23.5,14.66,8.32,2.88,,8.2
2015-07-01,23.45,14.57,8.39,2.81,,8.2
2015-07-02,23.72,15.47,8.46,2.85,,8.2
2015-07-03,24.09,16.37,8.43,2.86,,8.25
2015-07-06,24.09,16.37,8.52,2.93,,8.25
2015-07-07,23.88,16.22,8.54,3.0,,8.25
2015-07-08,23.5,15.62,8.38,2.97,,8.31
2015-07-09,23.77,15.77,8.38,2.91,,8.31
2015-07-10,23.93,15.77,8.36,2.88,,8.31
2015-07-13,23.82,15.77,8.41,2.86,,8.14
2015-07-14,23.77,15.77,8.41,2.91,,8.2
2015-07-15,23.5,15.32,8.32,2.85,,8.14
2015-07-16,23.12,15.32,8.32,2.95,,8.2
2015-07-17,23.07,15.32,8.32,3.01,,8.14
2015-07-20,23.01,14.84,8.29,3.04,,8.14
2015-07-21,23.23,14.78,8.18,3.13,,7.97
2015-07-22,24.04,15.62,8.34,3.34,,7.92
2015-07-23,23.82,15.47,8.43,3.3,,7.92
2015-07-24,23.66,15.17,8.54,3.45,,8.37
2015-07-27,23.77,15.32,8.79,3.55,,8.25
2015-07-28,23.66,15.47,8.64,3.42,,8.2
2015-07-29,23.34,15.32,8.59,3.33,,8.09
2015-07-30,23.28,15.32,8.48,3.35,,8.09
2015-07-31,23.28,14.99,8.48,3.24,,7.97
2015-08-03,23.28,14.38,8.34,3.24,,7.97
2015-08-04,23.23,13.81,8.43,3.25,,7.92
2015-08-05,23.34,13.84,8.5,3.35,,8.03
2015-08-06,23.23,13.54,8.39,3.31,,7.97
2015-08-07,23.23,13.48,8.48,3.4,,7.92
2015-08-10,23.5,13.93,8.7,3.47,,8.03
2015-08-11,23.61,14.14,8.66,3.44,,8.03
2015-08-12,23.28,13.66,8.54,3.32,,7.92
2015-08-13,22.96,13.21,8.43,3.26,,7.92
2015-08-14,22.58,13.0,8.39,3.25,,7.92
2015-08-17,22.15,12.31,8.29,3.16,,7.86
2015-08-18,22.53,12.76,8.36,3.2,,7.81
2015-08-19,22.04,13.0,8.45,3.17,,7.64
2015-08-20,21.93,12.88,8.34,3.1,,7.31
2015-08-21,21.66,12.73,8.28,3.01,,7.19
2015-08-24,21.66,11.86,7.77,2.8,,6.75
2015-08-25,21.66,12.04,7.86,2.99,,6.97
2015-08-26,21.72,12.31,8.08,3.14,,6.97
2015-08-27,22.15,12.49,8.12,3.12,,7.08
2015-08-28,22.53,13.03,8.19,3.15,,7.19
2015-08-31,22.42,12.76,8.1,3.1,,7.36
2015-09-01,22.42,12.76,8.08,3.1,,7.19
2015-09-03,22.2,12.49,8.01,3.0,,7.08
2015-09-04,22.42,12.61,8.03,2.96,,7.03
2015-09-07,22.47,12.64,7.99,2.91,,6.8
2015-09-08,22.53,13.33,8.05,3.01,,6.92
2015-09-09,22.64,13.75,8.08,3.06,,6.86
2015-09-10,22.91,13.81,8.1,3.03,,6.86
2015-09-11,22.69,13.45,8.06,2.96,,6.8
2015-09-14,22.58,12.97,8.01,2.92,,6.75
2015-09-15,22.53,12.82,8.01,2.91,,6.58
2015-09-16,22.53,13.21,8.01,2.96,,6.58
2015-09-17,22.69,13.09,8.03,2.99,,6.69
2015-09-18,22.69,13.21,8.17,3.07,,6.75
2015-09-21,23.18,13.42,8.34,3.16,,7.08
2015-09-22,23.12,13.39,8.28,3.17,,7.03
2015-09-23,22.96,13.36,8.23,3.15,,6.97
2015-09-24,22.91,13.24,8.27,3.13,,6.86
2015-09-25,22.74,13.21,8.23,3.1,,6.92
2015-09-28,22.69,12.91,8.16,3.01,,6.86
2015-09-29,22.47,12.85,8.16,3.0,,6.75
2015-09-30,22.53,12.88,8.16,3.03,,6.8
2015-10-01,22.47,12.91,8.17,3.06,,6.86
2015-10-02,22.47,13.0,8.21,3.09,,6.86
2015-10-05,22.47,13.06,8.25,3.13,,6.97
2015-10-06,22.74,13.6,8.43,3.19,,7.25
2015-10-07,22.96,13.57,8.28,3.14,,7.36
2015-10-08,23.5,14.08,8.39,3.21,,7.81
2015-10-09,23.39,13.96,8.39,3.23,,7.58
2015-10-12,23.34,14.45,8.39,3.27,,7.42
2015-10-13,23.12,14.38,8.34,3.23,,7.47
2015-10-14,22.96,14.17,8.56,3.22,,7.53
2015-10-15,22.96,14.23,8.54,3.22,,7.64
2015-10-16,23.12,14.02,8.56,3.19,,7.81
2015-10-19,23.07,13.81,8.63,3.19,,7.86
2015-10-20,22.8,13.63,8.67,3.13,,7.7
2015-10-21,22.53,13.69,8.61,3.11,,7.47
2015-10-22,22.96,13.87,8.6,3.13,,7.58
2015-10-23,23.99,14.08,8.63,3.17,,7.58
2015-10-26,24.04,14.02,8.72,3.18,,7.58
2015-10-27,23.99,13.99,8.8,3.16,,7.53
2015-10-28,23.99,13.84,8.94,3.13,,7.58
2015-10-29,24.85,14.02,9.04,3.14,,8.09
2015-10-30,24.58,14.32,9.04,3.14,,8.25
2015-11-02,24.31,14.32,9.07,3.11,,8.14
2015-11-03,24.85,14.48,9.62,3.14,,8.2
2015-11-04,24.63,14.48,9.53,3.1,,8.14
2015-11-05,24.58,14.38,9.81,3.09,,8.37
2015-11-06,24.36,14.42,9.62,3.09,,8.14
2015-11-09,24.36,14.75,9.44,3.06,,8.25
2015-11-10,24.04,14.51,9.35,3.04,,8.2
2015-11-11,23.82,14.32,9.26,3.02,,8.25
2015-11-12,23.61,14.29,9.71,3.0,,8.48
2015-11-13,23.93,14.26,9.99,3.0,,8.7
2015-11-16,23.45,14.14,9.9,2.95,,8.87
2015-11-17,23.45,14.17,9.53,3.01,,8.7
2015-11-18,23.61,14.17,9.53,3.0,,8.76
2015-11-19,23.45,14.11,9.44,2.97,,8.7
2015-11-20,23.61,14.11,9.35,2.98,,8.81
2015-11-23,23.61,14.02,9.07,3.01,,9.03
2015-11-24,23.45,13.87,9.0,3.0,,9.15
2015-11-25,23.45,13.81,9.16,3.1,,9.2
2015-11-26,23.34,13.63,8.98,3.16,,9.03
2015-11-27,23.01,13.3,8.96,3.12,,8.64
2015-11-30,23.12,12.88,8.85,3.04,,8.37
2015-12-01,23.12,12.64,8.83,3.02,,8.42
2015-12-02,23.01,12.67,8.87,3.05,,8.53
2015-12-03,23.12,12.79,8.89,3.05,,8.48
2015-12-04,22.85,12.7,8.78,3.02,,8.48
2015-12-07,22.85,12.25,8.71,2.98,,8.42
2015-12-08,22.91,12.94,8.98,3.02,,8.59
2015-12-09,22.58,12.43,8.83,2.97,,8.37
2015-12-10,22.31,12.37,8.76,2.93,,8.25
2015-12-11,22.42,12.4,8.8,2.97,,8.42
2015-12-14,22.31,12.49,8.76,3.05,,8.48
2015-12-15,22.42,12.97,8.89,3.05,,8.53
2015-12-16,22.53,13.06,8.94,3.04,,8.76
2015-12-17,22.64,13.21,9.02,3.03,,8.81
2015-12-18,21.61,12.37,8.96,3.03,,8.76
2015-12-21,22.42,12.76,8.89,2.99,,8.81
2015-12-22,22.47,12.76,8.82,2.96,,8.7
2015-12-23,22.53,12.73,8.78,2.94,,8.76
2015-12-24,22.69,12.67,8.76,2.94,,8.81
2015-12-25,22.91,12.76,8.76,2.94,,8.64
2015-12-28,23.5,12.76,8.82,2.88,,8.87
2015-12-29,24.58,13.21,8.85,2.88,,8.87
2015-12-30,24.85,13.3,8.85,2.92,,9.03
2015-12-31,24.69,13.18,8.85,2.91,,8.76
2016-01-04,25.66,12.97,8.76,2.87,,8.81
2016-01-05,25.66,12.76,8.76,2.84,,8.81
2016-01-06,25.66,12.91,8.78,2.89,,8.76
2016-01-07,25.93,12.76,8.61,2.81,,8.48
2016-01-08,25.93,12.67,8.49,2.76,,8.37
2016-01-11,26.09,12.58,8.41,2.76,,8.25
2016-01-12,25.93,12.82,8.6,2.79,,8.37
2016-01-13,25.88,12.7,8.5,2.74,,8.31
2016-01-14,25.93,12.55,8.47,2.64,,8.2
2016-01-15,25.66,12.19,8.45,2.54,,8.09
2016-01-18,25.66,11.59,8.23,2.47,,7.7
2016-01-19,25.66,12.1,8.27,2.51,,7.92
2016-01-20,25.61,12.01,8.23,2.51,,7.81
2016-01-21,25.82,11.83,8.23,2.54,,7.7
2016-01-22,26.09,11.89,8.21,2.55,,7.58
2016-01-25,26.09,12.52,8.63,2.71,,8.03
2016-01-26,25.93,12.19,8.41,2.63,,7.92
2016-01-27,25.66,12.16,8.49,2.67,,7.97
2016-01-28,26.09,12.16,8.43,2.64,,7.81
2016-01-29,25.71,12.43,8.5,2.74,,8.03
2016-02-01,25.39,12.22,8.54,2.66,,8.03
2016-02-02,25.39,12.13,8.47,2.67,,8.03
2016-02-03,25.39,11.89,8.54,2.67,,8.03
2016-02-04,25.39,12.01,8.52,2.69,,8.03
2016-02-05,25.17,12.04,8.6,2.69,,8.2
2016-02-15,24.58,12.1,8.56,2.63,,8.09
2016-02-16,24.63,12.1,8.67,2.66,,8.09
2016-02-17,24.58,11.95,8.71,2.66,,8.03
2016-02-18,24.85,12.1,8.82,2.67,,8.31
2016-02-19,24.36,12.04,8.74,2.69,,8.25
2016-02-22,24.42,12.13,8.83,2.71,,8.48
2016-02-23,24.63,12.31,8.76,2.71,,8.59
2016-02-24,24.53,12.7,8.76,2.71,,8.64
2016-02-25,24.58,12.55,8.72,2.72,,8.48
2016-02-26,24.31,12.61,8.74,2.83,,8.42
2016-02-29,23.82,12.31,8.76,2.78,,8.37
2016-03-01,23.82,12.22,8.83,2.73,,8.42
2016-03-02,24.31,12.52,8.93,2.71,,8.81
2016-03-03,24.53,12.49,8.94,2.69,,8.81
2016-03-04,24.74,12.55,8.98,2.74,,8.87
2016-03-07,24.74,12.55,8.91,2.77,,8.81
2016-03-08,25.07,12.49,8.8,2.88,,8.76
2016-03-09,25.12,12.43,8.8,2.84,,8.7
2016-03-10,25.12,12.49,8.83,2.85,,8.81
2016-03-11,24.53,12.49,8.89,2.87,,8.87
2016-03-14,24.53,12.52,8.93,2.99,,8.87
2016-03-15,24.31,12.61,8.89,2.99,,8.87
2016-03-16,24.09,12.97,8.89,2.98,,8.59
2016-03-17,24.31,12.82,8.89,2.99,,8.59
2016-03-18,23.82,12.76,9.04,2.96,,8.59
2016-03-21,24.42,12.88,9.02,2.97,,8.7
2016-03-22,24.58,13.0,8.93,2.94,,8.59
2016-03-23,24.53,12.88,8.93,2.92,,8.7
2016-03-24,24.36,12.64,8.87,2.87,,8.76
2016-03-25,24.74,12.85,8.78,2.89,,8.76
2016-03-28,25.23,12.85,8.8,2.98,,8.7
2016-03-29,25.28,12.61,8.71,2.97,,8.64
2016-03-30,25.39,12.64,8.71,2.94,,8.59
2016-03-31,25.5,12.31,8.63,2.94,,8.42
2016-04-01,25.5,12.28,8.58,2.89,,8.42
2016-04-04,25.44,12.28,8.58,2.91,,8.37
2016-04-05,25.44,12.31,8.61,2.92,,8.48
2016-04-06,25.71,12.61,8.69,3.01,,8.42
2016-04-07,25.5,12.52,8.76,3.0,,8.48
2016-04-08,25.66,12.43,8.72,3.07,,8.53
2016-04-11,27.28,12.49,8.78,3.14,,8.59
2016-04-12,28.09,12.64,8.74,3.16,,8.53
2016-04-13,28.09,12.58,8.72,3.1,,8.48
2016-04-14,28.36,12.7,8.71,3.13,,8.42
2016-04-15,28.09,12.76,8.65,3.12,,8.48
2016-04-19,26.85,12.73,8.61,3.08,,8.25
2016-04-20,27.28,12.85,8.63,3.11,,8.25
2016-04-21,27.82,12.88,8.67,3.14,,8.25
2016-04-22,29.44,13.72,8.76,3.26,,8.25
2016-04-25,28.36,13.78,8.78,3.29,,8.59
2016-04-26,29.17,14.17,8.78,3.29,,8.53
2016-04-27,28.63,13.81,8.74,3.26,,8.48
2016-04-28,28.09,13.87,8.87,3.24,,8.48
2016-04-29,28.36,13.81,8.91,3.34,,8.37
2016-05-04,27.55,13.84,8.82,3.49,,8.64
2016-05-05,27.82,14.14,8.76,3.49,,8.76
2016-05-06,28.36,14.6,8.71,3.39,,8.93
2016-05-09,28.09,14.42,8.65,3.38,,8.93
2016-05-10,28.09,14.6,8.67,3.34,,8.87
2016-05-11,28.9,14.72,8.74,3.44,,8.93
2016-05-12,28.9,14.42,8.69,3.39,,8.81
2016-05-13,28.9,14.29,8.69,3.32,,8.64
2016-05-16,29.71,14.51,8.67,3.31,,8.64
2016-05-17,29.44,14.51,8.72,3.35,,8.76
2016-05-18,28.9,14.72,8.74,3.3,,8.76
2016-05-19,28.9,14.45,8.74,3.31,,8.7
2016-05-20,27.82,14.23,8.78,3.31,,8.76
2016-05-23,28.09,13.84,8.76,3.36,,9.1
2016-05-24,28.09,13.78,8.74,3.36,,9.49
2016-05-25,28.09,13.81,8.74,3.36,,9.55
2016-05-26,27.55,13.6,8.71,3.31,,9.38
2016-05-27,27.82,13.6,8.83,3.32,,9.61
2016-05-30,28.9,14.05,8.85,3.37,,9.72
2016-05-31,28.36,14.02,8.78,3.37,,9.78
2016-06-01,28.9,14.08,8.78,3.43,,9.72
2016-06-02,28.9,14.14,8.78,3.51,,9.72
2016-06-03,29.17,14.2,8.76,3.55,,10.01
2016-06-06,28.9,14.35,8.7,3.53,,10.46
2016-06-07,29.44,14.45,8.72,3.62,,10.86
2016-06-08,29.44,14.38,8.76,3.68,,10.75
2016-06-09,29.44,14.45,8.72,3.66,,10.52
2016-06-10,29.17,14.57,8.72,3.69,,10.69
2016-06-13,28.36,14.54,8.7,3.64,,10.69
2016-06-14,28.9,14.51,8.72,3.78,,11.37
2016-06-15,28.9,14.35,8.68,3.79,,11.31
2016-06-16,28.9,14.32,8.7,3.8,,11.6
2016-06-17,28.09,14.14,8.7,3.73,,11.37
2016-06-20,28.9,14.08,9.19,3.83,,12.17
2016-06-21,29.17,14.11,9.19,3.91,,12.28
2016-06-22,28.36,14.05,9.13,3.95,,12.28
2016-06-23,28.63,14.42,9.02,4.0,,13.08
2016-06-24,28.09,14.05,8.81,3.87,,13.87
2016-06-27,29.02,13.87,8.87,3.89,,13.87
2016-06-28,28.6,13.93,8.87,3.86,,13.53
2016-06-29,28.78,14.2,9.04,3.92,,14.21
2016-06-30,29.62,14.2,9.0,3.95,,13.99
2016-07-01,30.58,14.26,9.02,3.97,,13.99
2016-07-04,30.58,14.78,9.15,3.98,,14.1
2016-07-05,30.58,15.17,9.09,4.01,,13.99
2016-07-06,30.58,15.02,9.11,4.09,,13.99
2016-07-07,30.88,15.32,9.32,4.27,,14.9
2016-07-08,30.88,15.32,9.39,4.26,,14.78
2016-07-11,30.58,15.62,9.17,4.04,,15.01
2016-07-12,31.18,16.22,9.17,4.1,,15.35
2016-07-13,32.98,17.27,9.24,4.15,,15.92
2016-07-14,32.08,16.82,9.26,4.01,,15.92
2016-07-15,32.68,16.22,9.17,4.05,,15.58
2016-07-18,32.38,16.67,9.17,4.22,,15.81
2016-07-19,31.18,16.82,9.02,4.19,,15.92
2016-07-20,29.98,16.52,8.96,4.1,,15.12
2016-07-21,30.28,16.67,8.96,4.11,,14.67
2016-07-22,29.98,15.62,8.89,4.01,,15.35
2016-07-25,30.28,15.92,8.85,4.08,,15.12
2016-07-26,30.28,15.92,8.81,4.22,,14.78
2016-07-27,30.58,16.37,8.89,4.31,,14.78
2016-07-28,31.48,16.52,8.89,4.45,,15.12
2016-07-29,30.58,16.22,8.83,4.44,,15.24
2016-08-01,30.88,15.92,8.85,4.4,,14.78
2016-08-02,30.58,15.47,8.74,4.26,,14.1
2016-08-03,29.56,15.17,8.72,4.31,,14.1
2016-08-04,28.48,15.62,8.7,4.25,,14.67
2016-08-05,26.8,15.32,8.72,4.3,,15.01
2016-08-08,26.8,15.62,8.74,4.27,,15.01
2016-08-09,27.28,15.92,8.81,4.32,,14.9
2016-08-10,29.14,16.07,8.85,4.52,,15.01
2016-08-11,29.38,16.82,9.0,4.59,,15.81
2016-08-12,29.38,16.37,8.96,4.57,,15.58
2016-08-15,29.38,16.37,8.96,4.62,,16.03
2016-08-16,28.72,16.22,9.19,4.68,,16.49
2016-08-17,28.72,15.92,9.3,4.84,,17.51
2016-08-18,28.72,15.92,9.28,4.86,,17.17
2016-08-19,28.6,16.07,9.13,4.8,,17.28
2016-08-22,28.12,16.07,9.15,4.83,,17.17
2016-08-23,29.08,15.92,9.19,4.91,,17.4
2016-08-24,29.08,16.22,9.26,4.88,,16.6
2016-08-25,28.96,16.22,9.35,5.09,,16.15
2016-08-26,28.78,17.27,9.48,5.04,,16.26
2016-08-29,28.78,17.27,9.39,4.91,,15.58
2016-08-30,28.84,16.67,9.39,4.95,,16.37
2016-08-31,28.84,16.22,9.68,5.06,,16.37
2016-09-01,28.78,15.77,9.81,5.01,,16.26
2016-09-05,28.72,15.17,9.81,4.97,,16.49
2016-09-06,28.72,15.17,9.75,5.0,,16.6
2016-09-07,28.48,15.17,9.72,5.2,,16.37
2016-09-08,28.66,15.17,10.05,5.31,,16.37
2016-09-09,29.26,16.01,10.08,5.24,,15.92
2016-09-12,29.86,15.49,9.92,5.09,,15.35
2016-09-13,29.44,14.89,9.97,5.17,,15.75
2016-09-14,28.96,15.1,10.03,5.16,,15.44
2016-09-15,30.26,14.89,9.88,5.23,,15.05
2016-09-16,31.59,14.48,9.92,5.26,,15.25
2016-09-19,31.07,15.16,9.99,5.39,,14.9
2016-09-20,31.29,15.49,10.07,5.37,,15.18
2016-09-21,32.1,15.49,10.03,5.39,,15.35
2016-09-22,32.32,15.51,10.28,5.46,,15.68
2016-09-23,32.58,15.45,10.45,5.43,,15.58
2016-09-26,32.84,15.55,10.54,5.43,,15.35
2016-09-27,33.75,15.96,10.54,5.47,,15.45
2016-09-28,32.8,16.13,10.56,5.52,,15.63
2016-09-29,33.02,15.84,10.44,5.49,,15.76
2016-09-30,32.69,15.84,10.29,5.4,,15.83
2016-10-03,31.59,15.68,10.29,5.26,,15.79
2016-10-04,32.32,15.68,10.32,5.2,,15.46
2016-10-05,32.17,15.8,10.32,5.16,,15.35
2016-10-06,31.37,15.86,10.17,5.07,,15.44
2016-10-07,31.44,15.7,9.93,4.86,,15.29
2016-10-10,30.93,15.51,9.61,4.64,,15.26
2016-10-11,30.93,15.63,9.81,4.95,,15.4
2016-10-12,31.0,15.55,9.66,4.82,,15.69
2016-10-13,31.59,15.43,9.7,4.88,,16.78
2016-10-14,31.59,15.39,9.67,4.78,,16.83
2016-10-17,31.59,15.05,9.57,4.71,,16.29
2016-10-18,31.51,15.08,9.61,4.81,,17.06
2016-10-19,32.17,15.18,9.67,4.88,,17.09
2016-10-20,31.81,15.18,9.59,4.87,,17.06
2016-10-21,31.59,15.18,9.57,4.85,,17.17
2016-10-24,31.59,14.93,9.53,4.75,,16.54
2016-10-25,31.37,14.79,9.53,4.68,,16.37
2016-10-26,31.18,14.6,9.48,4.68,,16.37
2016-10-27,31.44,15.01,9.53,4.68,,16.66
2016-10-28,31.48,15.01,9.61,4.82,,16.89
2016-10-31,31.22,14.89,9.59,4.82,,16.49
2016-11-01,31.4,14.85,9.55,4.78,,16.72
2016-11-02,31.07,14.64,9.39,4.67,,16.69
2016-11-03,31.15,14.48,9.26,4.65,,17.4
2016-11-04,31.15,14.48,9.29,4.68,,17.23
2016-11-07,31.4,14.99,9.44,4.86,,17.34
2016-11-08,31.44,15.05,9.45,4.91,,17.53
2016-11-09,31.22,14.89,9.31,4.84,,17.62
2016-11-10,31.44,15.05,9.42,4.91,,17.91
2016-11-11,32.32,14.99,9.48,4.84,,17.99
2016-11-14,31.51,14.81,9.43,4.87,,17.85
2016-11-15,31.4,14.81,9.53,4.97,,17.65
2016-11-16,31.37,14.81,9.49,4.98,,17.4
2016-11-17,31.37,14.74,9.39,4.94,,17.68
2016-11-18,31.29,14.7,9.5,4.88,,17.74
2016-11-21,31.29,14.77,9.5,4.97,,17.8
2016-11-22,31.29,14.89,9.5,4.95,,18.69
2016-11-23,31.37,15.01,9.69,4.93,,18.42
2016-11-24,31.22,14.89,9.78,4.93,,18.43
2016-11-25,31.22,14.81,9.69,4.94,,18.53
2016-11-28,31.22,14.68,9.59,4.81,,18.48
2016-11-29,30.49,14.48,9.51,4.77,,18.53
2016-11-30,30.85,14.56,9.56,4.98,,18.76
2016-12-01,30.85,14.58,9.53,4.94,,18.82
2016-12-02,30.85,14.6,9.47,4.99,,18.76
2016-12-05,30.82,14.43,9.39,5.01,,17.85
2016-12-06,30.63,14.12,9.33,4.84,,17.51
2016-12-07,30.85,14.23,9.28,4.83,,17.53
2016-12-08,30.85,14.48,9.32,4.84,,17.62
2016-12-09,30.85,14.5,9.46,4.84,,17.62
2016-12-12,30.85,14.43,9.31,4.81,,17.35
2016-12-13,30.85,14.23,9.22,4.8,,17.35
2016-12-14,31.18,14.39,9.26,4.93,,17.62
2016-12-15,30.85,14.48,9.23,4.88,,17.49
2016-12-16,31.22,14.52,9.28,4.94,,17.44
2016-12-19,31.44,14.54,9.42,4.91,,17.17
2016-12-20,30.74,14.46,9.38,4.88,,17.58
2016-12-21,30.41,14.46,9.37,4.95,,17.7
2016-12-22,30.85,14.43,9.38,5.03,,17.62
2016-12-23,30.93,14.72,9.4,5.08,,17.6
2016-12-26,30.85,14.93,9.42,5.18,,18.07
2016-12-27,31.07,14.89,9.51,5.1,,18.14
2016-12-28,30.56,14.72,9.61,5.16,,18.1
2016-12-29,30.78,14.66,9.58,5.11,,18.08
2016-12-30,30.85,14.66,9.7,5.1,,17.74
2017-01-03,30.56,15.41,9.89,5.2,,17.82
2017-01-04,30.89,15.3,9.98,5.2,,17.89
2017-01-05,31.07,15.37,9.94,5.22,,17.94
2017-01-06,31.66,15.68,9.91,5.13,,17.94
2017-01-09,31.73,16.01,9.97,5.1,,17.82
2017-01-10,31.51,15.88,10.14,5.19,,17.87
2017-01-11,31.59,15.9,10.17,5.2,,18.19
2017-01-12,31.59,15.68,10.13,5.16,,18.19
2017-01-13,31.81,15.49,9.9,5.11,,18.14
2017-01-16,31.48,15.45,9.7,4.97,,18.02
2017-01-17,31.33,16.11,9.79,4.97,,17.97
2017-01-18,30.93,15.84,9.66,4.92,,17.97
2017-01-19,30.85,15.72,9.66,4.9,,17.91
2017-01-20,30.85,15.72,9.75,4.99,,18.14
2017-01-23,30.85,15.76,9.8,4.97,,18.0
2017-01-24,30.49,15.96,9.86,4.97,,18.08
2017-01-25,30.85,16.25,9.94,5.0,,18.19
2017-02-02,31.22,16.32,9.9,5.05,,19.22
2017-02-03,30.85,16.01,9.86,5.11,,19.1
2017-02-06,31.15,16.01,9.77,5.22,,19.39
2017-02-07,31.44,16.23,9.81,5.27,,19.38
2017-02-08,31.4,16.44,9.83,5.28,,19.19
2017-02-09,31.33,16.42,9.82,5.27,,18.99
2017-02-10,31.22,16.25,9.8,5.24,,19.14
2017-02-13,31.22,16.07,9.88,5.29,,19.69
2017-02-14,31.26,16.01,10.23,5.33,,19.56
2017-02-15,32.69,16.13,10.14,5.34,,19.67
2017-02-16,32.32,15.96,9.99,5.29,,19.67
2017-02-17,32.32,15.84,9.99,5.24,,19.56
2017-02-20,33.28,15.7,9.93,4.97,,19.1
2017-02-21,34.12,15.88,10.01,5.0,,19.16
2017-02-22,33.57,15.68,10.1,4.75,,18.89
2017-02-23,33.24,15.55,10.14,4.8,,18.8
2017-02-24,33.24,15.49,10.14,4.78,,18.88
2017-02-27,33.75,15.8,10.26,4.76,,19.17
2017-02-28,33.06,15.47,10.11,4.73,,19.0
2017-03-01,32.84,15.39,10.08,4.84,,18.93
2017-03-02,32.4,15.26,10.02,4.97,,18.99
2017-03-03,32.69,15.51,10.07,4.85,,18.91
2017-03-06,32.87,15.43,10.13,4.87,,18.91
2017-03-07,32.95,15.51,10.1,4.87,,19.09
2017-03-08,32.69,15.59,10.1,4.88,,19.31
2017-03-09,32.47,15.63,10.03,4.97,,19.22
2017-03-10,32.47,15.51,10.14,4.98,,19.22
2017-03-13,32.47,15.32,10.09,4.98,,19.31
2017-03-14,32.36,15.32,10.08,4.97,,19.56
2017-03-15,31.95,15.28,10.04,4.91,,19.79
2017-03-16,32.32,15.34,10.08,4.94,,19.44
2017-03-17,32.17,15.3,10.12,4.88,,19.52
2017-03-20,31.81,15.53,10.28,4.95,,19.54
2017-03-21,30.45,15.72,10.28,5.07,,19.6
2017-03-22,30.6,15.59,10.17,5.01,,19.24
2017-03-23,31.22,15.82,10.58,5.06,,19.16
2017-03-24,31.11,15.72,10.52,5.09,,19.18
2017-03-27,31.11,15.63,10.5,5.09,,18.88
2017-03-28,30.85,15.47,10.45,5.08,,18.88
2017-03-29,31.0,15.43,10.47,5.13,,19.05
2017-03-30,31.0,15.39,10.39,5.31,,19.16
2017-03-31,30.71,15.26,10.43,5.42,,19.14
2017-04-03,30.49,15.05,10.23,5.67,,19.05
2017-04-04,30.85,15.22,10.36,5.73,,18.93
2017-04-05,30.56,15.24,10.26,5.58,,18.99
2017-04-07,30.85,15.22,10.36,5.65,,18.99
2017-04-10,31.15,15.18,10.36,5.67,,18.89
2017-04-11,31.26,15.26,10.35,5.66,,19.17
2017-04-12,30.89,15.22,10.48,5.61,,19.22
2017-04-13,31.15,15.2,10.42,5.59,,19.33
2017-04-14,30.67,15.03,10.15,5.48,,19.01
2017-04-17,30.67,14.68,10.08,5.41,,18.76
2017-04-18,30.63,14.83,10.14,5.37,,18.53
2017-04-19,30.49,14.85,10.14,5.49,,18.99
2017-04-20,29.82,14.64,10.11,5.4,,18.88
2017-04-21,29.75,14.68,10.11,5.4,34.19,18.93
2017-04-24,29.38,14.52,10.09,5.33,33.84,18.88
2017-04-25,29.64,14.52,10.07,5.29,31.57,18.59
2017-04-26,29.68,14.5,10.14,5.18,30.84,18.66
2017-04-27,30.04,14.41,10.25,5.23,32.1,18.97
2017-04-28,30.04,14.52,10.24,5.21,32.62,18.99
2017-05-03,29.75,14.68,10.36,5.16,32.69,19.17
2017-05-04,29.6,15.01,10.36,5.18,33.21,19.54
2017-05-05,29.68,14.93,10.39,5.18,32.94,19.56
2017-05-08,29.68,14.79,10.36,5.17,33.21,19.43
2017-05-09,29.93,15.08,10.65,5.27,32.8,19.61
2017-05-10,29.71,15.2,10.61,5.32,32.94,19.63
2017-05-11,29.75,15.22,10.61,5.35,33.98,19.67
2017-05-12,29.75,15.08,10.58,5.27,33.98,19.79
2017-05-15,30.04,15.01,10.54,5.23,34.05,20.85
2017-05-16,30.49,14.91,10.47,5.14,35.73,20.55
2017-05-17,30.34,14.97,10.54,5.15,35.66,20.47
2017-05-18,30.34,15.03,10.56,5.06,37.06,20.5
2017-05-19,30.04,15.2,10.67,5.09,39.65,20.64
2017-05-22,30.26,15.51,10.69,5.13,42.38,20.91
2017-05-23,30.01,15.39,10.77,5.15,42.38,21.67
2017-05-24,29.75,15.61,10.83,5.21,41.26,22.68
2017-05-25,29.42,15.34,11.03,5.21,41.26,22.54
2017-05-26,29.75,15.18,10.9,5.18,40.63,22.24
2017-05-29,29.86,15.05,11.03,5.29,42.03,21.6
2017-05-30,29.57,15.01,11.13,5.21,42.65,21.39
2017-05-31,29.57,14.97,11.13,5.39,42.79,21.44
2017-06-01,29.79,15.01,11.25,5.37,42.79,21.97
2017-06-02,29.82,15.01,11.19,5.32,41.75,21.9
2017-06-05,29.82,15.39,11.19,5.31,42.72,21.78
2017-06-06,29.86,15.99,11.47,5.41,43.0,22.06
2017-06-07,30.12,15.84,11.4,5.57,42.72,22.24
2017-06-08,30.34,15.68,11.44,5.59,42.72,22.47
2017-06-09,30.56,15.88,11.69,5.58,43.77,22.31
2017-06-12,31.11,15.86,11.57,5.48,44.05,22.13
2017-06-13,31.59,15.94,11.74,5.57,44.05,21.78
2017-06-14,30.49,16.21,11.7,5.61,44.05,21.9
2017-06-15,31.07,16.34,11.75,5.75,43.91,21.94
2017-06-16,31.59,16.34,11.83,5.84,43.63,21.83
2017-06-19,31.66,16.42,11.98,5.78,44.61,21.81
2017-06-20,31.07,16.34,11.95,5.85,45.73,22.24
2017-06-21,31.44,15.99,12.29,5.8,46.78,22.4
2017-06-22,30.93,15.76,12.32,5.83,48.6,23.16
2017-06-23,30.89,15.76,12.28,5.84,49.93,23.59
2017-06-26,31.44,15.92,12.09,5.84,50.21,23.62
2017-06-27,31.29,15.82,11.83,5.81,48.11,23.23
2017-06-28,31.18,15.74,12.0,5.82,47.97,23.04
2017-06-29,31.11,15.8,12.04,5.9,48.6,23.16
2017-06-30,31.37,15.92,12.13,6.06,48.25,23.59
2017-07-03,31.07,16.09,12.01,6.25,48.18,23.57
2017-07-04,30.85,16.01,12.06,6.25,47.34,23.73
2017-07-05,30.85,16.07,12.09,6.23,48.11,23.55
2017-07-06,31.15,16.28,12.4,6.31,49.65,23.55
2017-07-07,30.85,16.01,12.58,6.25,48.6,23.62
2017-07-10,30.19,15.76,12.48,6.27,48.11,23.27
2017-07-11,30.93,15.84,12.32,6.23,48.11,23.27
2017-07-12,31.29,15.72,12.41,6.25,48.11,23.5
2017-07-13,31.29,15.8,12.64,6.37,49.09,23.53
2017-07-14,31.29,15.82,12.61,6.38,48.95,23.39
2017-07-17,31.15,15.59,12.42,6.22,48.04,23.66
2017-07-18,31.07,15.61,12.37,6.07,48.18,23.43
2017-07-19,30.85,15.55,12.14,6.02,48.46,23.41
2017-07-20,31.15,15.49,12.11,6.0,48.04,23.04
2017-07-21,31.18,15.3,11.96,5.95,48.04,22.24
2017-07-24,31.0,15.43,12.04,5.99,46.2,22.38
2017-07-25,30.85,15.43,12.09,6.06,47.6,22.61
2017-07-26,31.29,15.47,12.37,6.21,47.38,22.93
2017-07-27,31.07,15.45,12.48,6.15,46.06,22.82
2017-07-28,31.51,15.51,12.57,6.15,47.08,23.16
2017-07-31,32.69,15.61,12.51,6.12,46.06,23.04
2017-08-01,32.62,15.88,12.68,6.2,46.2,22.82
2017-08-02,32.62,15.76,12.79,6.12,46.35,22.82
2017-08-03,32.62,15.84,12.97,6.12,46.2,22.95
2017-08-04,32.73,15.74,12.97,6.06,46.64,24.42
2017-08-07,32.69,15.74,12.9,6.11,48.99,25.04
2017-08-08,32.98,15.88,12.67,6.12,49.5,24.53
2017-08-09,31.95,15.63,12.53,6.03,48.26,23.92
2017-08-10,31.73,15.59,12.66,6.06,47.82,24.12
2017-08-11,31.95,15.49,12.8,6.2,47.3,24.26
2017-08-14,31.95,15.57,12.73,6.44,48.4,24.42
2017-08-15,31.29,15.43,12.66,6.35,48.62,24.6
2017-08-16,31.44,15.51,12.58,6.49,48.48,24.63
2017-08-17,31.4,15.43,12.53,6.38,48.26,24.21
2017-08-18,31.4,15.51,12.55,6.39,48.48,24.21
2017-08-21,31.51,15.47,12.62,6.27,49.36,24.31
2017-08-22,31.44,15.26,12.45,6.3,48.92,24.1
2017-08-23,31.81,15.3,12.47,6.35,48.92,23.85
2017-08-24,31.99,15.32,12.61,6.38,49.58,24.17
2017-08-25,32.73,15.37,12.55,6.42,49.5,24.21
2017-08-28,33.42,15.49,12.58,6.52,50.09,24.28
2017-08-29,33.83,15.3,12.62,6.53,49.87,24.56
2017-08-30,36.14,15.3,12.63,6.6,49.14,25.11
2017-08-31,35.99,15.34,12.82,6.64,48.99,25.09
2017-09-01,36.29,15.49,12.84,6.65,48.99,25.09
2017-09-05,36.88,15.78,12.82,6.71,49.14,24.76
2017-09-06,36.73,15.72,12.74,6.82,49.14,24.76
2017-09-07,36.69,15.59,12.66,6.73,48.99,24.86
2017-09-08,37.17,15.59,12.61,6.81,49.06,25.11
2017-09-11,36.22,15.59,12.51,6.69,49.14,25.34
2017-09-12,36.22,15.74,12.71,6.72,49.5,25.68
2017-09-13,35.33,15.74,12.88,6.99,50.38,26.25
2017-09-14,36.1,15.84,12.78,6.95,50.16,26.25
2017-09-15,35.92,15.72,12.74,7.01,50.09,26.09
2017-09-18,35.99,15.55,12.78,7.13,48.7,26.19
2017-09-19,36.07,15.47,12.79,7.2,47.82,26.07
2017-09-20,35.99,15.63,12.86,7.18,46.94,26.14
2017-09-21,36.07,15.65,13.06,7.1,47.08,26.16
2017-09-22,36.07,15.57,13.07,7.14,47.38,26.8
2017-09-25,35.99,15.51,12.91,7.1,47.6,27.06
2017-09-26,36.29,15.57,12.95,7.09,47.23,26.85
2017-09-27,37.54,15.59,12.95,7.14,47.52,26.37
2017-09-28,37.32,15.74,12.94,7.15,46.86,26.44
2017-09-29,37.61,15.89,12.88,7.37,46.28,26.67
2017-10-02,37.46,15.91,12.74,7.4,45.47,26.9
2017-10-03,37.54,15.89,12.65,7.35,44.15,27.06
2017-10-04,38.2,16.4,12.7,7.51,44.3,27.06
2017-10-05,38.71,16.35,12.76,7.35,45.03,26.83
2017-10-06,38.64,16.5,12.88,7.36,45.25,26.94
2017-10-09,38.2,16.65,12.9,7.47,44.88,27.29
2017-10-10,38.35,16.75,13.03,7.52,45.32,28.32
2017-10-11,40.33,16.63,13.19,7.49,45.32,28.02
2017-10-12,40.4,16.5,13.48,7.48,44.66,28.2
2017-10-13,41.14,16.63,13.53,7.38,44.66,28.66
2017-10-16,40.11,16.5,13.58,7.2,44.66,29.24
2017-10-17,40.62,17.32,13.61,7.39,45.47,29.26
2017-10-18,40.33,17.2,13.35,7.28,46.06,29.46
2017-10-19,40.4,17.11,13.37,7.16,46.42,30.27
2017-10-20,40.62,17.24,13.29,7.1,46.42,29.24
2017-10-23,40.7,16.86,13.03,7.03,45.76,28.78
2017-10-24,40.77,16.9,13.03,7.1,45.62,29.35
2017-10-25,40.62,17.22,13.13,7.08,45.62,30.11
2017-10-26,40.62,17.16,13.11,7.01,45.47,29.88
2017-10-27,41.87,17.75,13.27,7.14,45.91,30.04
2017-10-30,42.61,17.71,13.21,6.97,45.47,29.76
2017-10-31,42.97,17.49,13.32,7.01,44.88,29.46
2017-11-01,43.05,17.58,13.43,6.76,44.59,29.1
2017-11-02,44.08,17.37,13.35,6.59,41.65,27.52
2017-11-03,44.22,17.71,13.48,6.86,41.95,28.78
2017-11-06,44.44,17.96,13.58,6.99,40.19,29.12
2017-11-07,45.54,17.94,13.53,6.99,41.07,28.96
2017-11-08,48.12,18.42,14.01,7.02,41.73,29.35
2017-11-09,50.39,18.21,13.9,7.02,42.68,29.58
2017-11-10,48.48,18.21,13.8,7.06,42.54,29.56
2017-11-13,50.39,18.34,14.27,6.94,40.63,29.35
2017-11-14,50.39,18.51,14.24,7.09,40.55,30.84
2017-11-15,50.69,18.42,15.04,7.34,41.73,30.61
2017-11-16,51.35,18.89,15.06,7.32,41.95,30.84
2017-11-17,52.45,18.76,14.98,7.24,40.77,30.73
2017-11-20,56.05,19.02,15.3,7.09,42.09,31.3
2017-11-21,56.56,19.73,15.12,7.11,44.37,31.3
2017-11-22,55.83,20.28,15.33,7.26,45.4,31.53
2017-11-23,56.2,20.24,15.22,7.24,44.37,31.37
2017-11-24,54.73,20.03,15.3,7.41,44.15,31.32
2017-11-27,55.83,20.24,15.38,7.44,44.74,30.5
2017-11-28,55.98,20.37,15.2,7.46,44.08,30.4
2017-11-29,55.98,20.71,15.67,7.45,45.32,30.84
2017-11-30,54.73,20.49,15.43,7.81,45.47,30.96
2017-12-01,54.8,20.41,15.43,7.86,47.82,31.16
2017-12-04,55.9,20.87,15.54,7.96,48.55,31.23
2017-12-05,53.62,20.32,15.14,7.88,48.77,30.43
2017-12-06,53.62,20.28,15.01,8.0,48.4,29.74
2017-12-07,52.89,20.11,14.83,7.95,47.23,29.51
2017-12-08,53.62,19.88,14.67,7.81,48.33,29.58
2017-12-11,52.89,18.85,14.14,7.62,47.23,29.17
2017-12-12,52.3,18.89,14.19,7.52,47.01,29.01
2017-12-13,52.89,18.59,14.46,7.64,45.69,28.46
2017-12-14,52.89,19.14,14.77,7.7,47.52,29.69
2017-12-15,51.57,19.44,14.93,7.9,47.67,30.27
2017-12-18,54.36,20.2,14.88,8.15,48.33,30.27
2017-12-19,53.99,20.18,14.59,8.26,49.14,30.73
2017-12-20,53.99,20.71,14.88,8.34,51.34,30.5
2017-12-21,53.62,20.49,14.91,8.36,51.12,29.69
2017-12-22,55.53,21.47,15.09,8.4,50.6,30.27
2017-12-25,57.3,21.72,15.22,8.31,52.73,30.04
2017-12-26,57.3,21.72,15.09,8.32,53.68,30.27
2017-12-27,56.71,22.18,14.98,8.6,53.68,29.81
2017-12-28,56.86,22.86,15.12,8.68,54.27,29.99
2017-12-29,56.78,22.94,15.09,8.88,55.0,30.04
2018-01-02,57.44,23.24,15.8,9.04,55.0,30.27
2018-01-03,59.13,23.2,15.8,9.02,55.15,30.86
2018-01-04,59.5,23.41,16.12,9.13,57.64,30.93
2018-01-05,58.77,22.82,15.86,9.09,57.94,30.59
2018-01-08,58.99,23.41,16.09,9.38,61.6,30.11
2018-01-09,59.21,24.72,16.41,10.02,60.94,30.15
2018-01-10,59.35,24.51,16.25,9.8,62.34,30.43
2018-01-11,59.5,24.85,16.25,9.8,64.68,30.24
2018-01-12,62.73,24.51,15.91,9.87,63.58,29.85
2018-01-15,64.06,25.35,16.12,10.34,66.37,29.92
2018-01-16,63.17,25.35,16.12,10.61,66.74,30.01
2018-01-17,61.71,23.75,15.59,10.16,63.22,29.35
2018-01-18,62.0,24.72,15.59,10.61,63.66,29.69
2018-01-19,61.71,25.78,15.57,11.31,67.4,29.24
2018-01-22,62.44,26.75,16.09,12.05,68.28,29.46
2018-01-23,62.44,26.75,16.09,12.05,68.28,29.46
2018-01-24,62.44,26.75,16.09,12.05,68.28,29.46
2018-01-25,62.51,28.61,16.15,11.65,68.28,29.58
2018-01-26,62.81,29.2,16.07,12.11,68.2,29.17
2018-01-29,62.81,28.73,15.94,11.65,67.32,28.39
2018-01-30,62.44,28.31,16.91,11.61,65.64,28.87
2018-01-31,63.17,28.14,16.62,11.8,64.9,28.78
2018-02-01,63.62,28.14,16.28,11.56,64.98,30.77
2018-02-02,64.06,28.48,16.12,11.58,64.39,29.03
2018-02-05,59.58,26.49,15.09,10.8,59.92,28.32
2018-02-06,59.58,26.2,14.32,10.99,55.74,27.29
2018-02-07,59.5,26.83,14.96,11.27,58.6,27.63
2018-02-08,58.03,26.58,14.59,11.31,56.54,27.22
2018-02-09,57.44,25.73,14.54,11.05,53.61,25.68
2018-02-12,61.41,26.83,15.09,11.14,57.13,26.12
2018-02-13,63.25,27.04,15.59,11.48,57.35,27.52
2018-02-21,66.11,27.97,15.7,11.37,58.45,28.2
2018-02-22,66.48,28.23,15.43,11.16,56.84,27.29
2018-02-23,67.29,30.17,15.99,11.67,60.8,27.47
2018-02-26,69.79,30.38,15.96,12.2,64.9,27.74
2018-02-27,68.68,30.93,15.8,12.14,64.46,28.89
2018-02-28,69.71,31.18,15.8,12.5,65.93,28.43
2018-03-01,69.05,30.21,16.07,12.64,63.95,28.09
2018-03-02,69.42,30.34,16.15,12.56,63.8,27.86
2018-03-05,69.05,28.73,16.25,11.69,60.94,27.4
2018-03-06,72.36,30.09,16.73,12.11,63.51,26.83
2018-03-07,72.43,29.41,16.44,11.58,61.09,26.16
2018-03-08,75.81,29.37,16.44,11.71,62.34,26.39
2018-03-09,76.03,30.0,16.28,11.65,61.6,26.62
2018-03-12,73.46,30.42,16.23,11.75,60.43,26.83
2018-03-13,75.37,30.42,15.88,11.65,59.77,26.6
2018-03-14,75.3,31.18,16.07,11.71,59.55,26.37
2018-03-15,73.09,31.18,16.02,11.48,59.48,26.03
2018-03-16,73.24,31.56,15.88,11.41,60.87,26.0
2018-03-19,76.69,31.4,15.99,11.96,63.29,26.83
2018-03-20,76.54,31.27,16.2,11.65,62.7,27.52
2018-03-21,79.34,31.06,16.12,11.94,63.73,27.52
2018-03-22,79.34,30.42,15.88,11.9,63.73,27.08
2018-03-23,80.44,29.54,15.49,11.63,62.41,26.64
2018-03-26,83.6,30.38,15.65,11.16,60.87,26.37
2018-03-27,83.01,30.0,15.72,11.25,60.14,26.14
2018-03-28,84.11,29.79,15.57,11.35,60.8,25.96
2018-03-29,84.48,30.0,15.72,11.52,60.36,25.93
2018-03-30,86.09,29.79,16.04,11.44,61.38,25.86
2018-04-02,90.35,31.27,16.25,11.18,62.26,25.25
2018-04-03,89.84,31.4,16.17,11.08,60.87,23.62
2018-04-04,93.66,31.06,16.31,11.18,60.5,24.05
2018-04-05,96.23,31.06,16.65,11.14,59.7,24.17
2018-04-06,97.26,31.06,16.57,11.44,60.87,24.14
2018-04-09,99.1,31.18,16.76,11.52,61.16,23.71
2018-04-10,96.23,31.48,17.02,11.52,60.87,23.16
2018-04-11,92.56,30.09,16.65,11.46,57.94,22.88
2018-04-12,93.29,29.96,16.81,11.69,58.67,23.73
2018-04-13,93.73,28.69,16.39,11.6,56.1,24.17
2018-04-16,94.54,27.85,16.15,11.39,56.25,24.31
2018-04-17,95.5,28.31,16.39,11.31,54.27,24.12
2018-04-18,95.42,27.38,16.39,11.18,52.66,23.62
2018-04-19,88.81,25.78,16.04,10.8,48.99,22.47
2018-04-20,90.35,27.04,16.2,11.14,50.9,23.41
2018-04-23,90.5,25.18,15.33,10.53,47.38,24.53
2018-04-24,93.29,25.35,14.91,10.61,45.47,24.58
2018-04-26,93.29,24.59,14.54,10.14,42.32,23.44
2018-04-27,92.56,25.35,15.06,10.19,45.25,23.72
2018-05-02,91.82,24.59,15.06,10.31,48.4,23.6
2018-05-03,90.35,25.18,15.33,10.29,48.55,23.63
2018-05-04,91.46,24.93,15.54,10.23,47.96,23.6
2018-05-07,91.53,26.24,15.75,10.61,48.77,25.12
2018-05-08,91.02,25.78,15.59,10.8,50.02,24.56
2018-05-09,90.28,25.14,15.43,10.8,49.65,24.63
2018-05-10,88.52,23.87,15.41,10.46,46.94,23.26
2018-05-11,91.09,24.47,15.72,10.55,46.94,23.95
2018-05-14,96.97,24.64,16.28,10.57,48.4,24.42
2018-05-15,96.97,24.8,16.23,10.5,51.78,24.84
2018-05-16,95.5,24.09,15.99,10.23,50.6,24.42
2018-05-17,90.35,24.0,16.02,10.04,49.87,24.0
2018-05-18,90.35,23.87,16.07,10.21,50.6,24.65
2018-05-21,84.04,23.54,16.12,10.08,48.4,25.65
2018-05-22,78.16,22.56,15.78,9.57,45.47,25.35
2018-05-23,75.66,23.03,16.02,9.8,46.42,26.28
2018-05-24,76.47,22.52,15.72,9.93,46.2,26.44
2018-05-25,78.6,21.13,15.25,9.87,43.64,25.58
2018-05-28,81.54,19.78,14.19,9.23,41.07,23.79
2018-05-29,80.8,21.13,14.78,9.85,43.93,24.42
2018-05-30,81.54,21.97,14.17,10.0,42.9,23.95
2018-05-31,85.21,22.86,14.34,10.63,45.47,24.7
2018-06-01,87.42,24.09,14.48,10.8,45.84,25.35
2018-06-04,88.15,25.06,14.73,11.37,46.06,25.35
2018-06-05,88.96,24.76,14.9,11.18,48.11,25.79
2018-06-06,91.16,24.97,15.12,11.52,49.28,27.56
2018-06-07,91.24,24.8,14.9,11.73,49.06,27.07
2018-06-08,91.24,25.23,14.95,11.61,50.02,28.14
2018-06-11,91.31,24.93,14.81,11.48,48.62,28.53
2018-06-12,91.38,24.51,14.44,11.27,47.52,27.93
2018-06-13,94.03,25.31,14.59,11.51,49.14,28.51
2018-06-14,92.56,24.55,14.53,11.3,48.92,28.6
2018-06-15,90.72,24.93,14.5,11.41,49.36,28.79
2018-06-18,90.65,23.87,14.16,10.66,47.3,27.44
2018-06-19,90.35,23.87,13.87,10.17,45.84,26.74
2018-06-20,91.82,24.55,14.16,10.61,46.86,26.93
2018-06-21,91.09,24.09,13.84,10.41,45.91,26.51
2018-06-22,90.21,24.8,14.03,10.86,46.5,27.19
2018-06-25,90.87,25.1,14.06,11.01,47.42,28.12
2018-06-26,90.79,25.06,13.87,10.9,46.65,27.91
2018-06-27,91.97,24.51,13.81,10.48,46.03,27.44
2018-06-28,95.56,24.47,13.25,10.3,45.42,26.67
2018-06-29,95.56,24.51,12.94,10.19,45.03,26.51
2018-07-02,95.29,24.55,12.53,10.19,45.03,24.88
2018-07-03,88.62,23.66,12.16,9.63,42.41,23.28
2018-07-04,93.33,23.49,12.47,9.84,42.8,24.3
2018-07-05,94.67,21.97,12.32,9.58,40.64,23.65
2018-07-06,94.4,23.24,12.72,9.76,41.88,24.77
2018-07-09,93.33,22.82,12.52,9.47,42.34,24.42
2018-07-10,91.56,22.44,12.6,9.42,42.34,24.39
2018-07-11,92.89,21.63,12.22,9.12,41.57,23.49
2018-07-12,91.56,22.14,12.1,8.95,41.18,23.72
2018-07-13,91.56,23.16,12.66,9.44,41.57,24.42
2018-07-16,91.11,23.2,12.75,9.42,41.88,24.93
2018-07-17,92.45,23.58,13.06,9.58,41.57,26.05
2018-07-18,93.33,24.3,13.38,9.87,43.88,26.28
2018-07-19,93.33,24.0,13.25,9.87,44.34,26.81
2018-07-20,92.09,24.0,12.97,9.73,43.18,26.39
2018-07-23,92.45,23.92,13.1,9.8,44.03,26.49
2018-07-24,92.89,24.09,13.16,9.39,43.88,26.14
2018-07-25,92.8,23.37,13.22,9.42,43.8,25.7
2018-07-26,94.22,23.96,13.27,9.68,43.11,25.58
2018-07-27,94.58,23.87,13.5,9.89,43.65,26.46
2018-07-30,94.58,24.21,13.5,9.83,44.65,26.98
2018-07-31,94.58,24.72,13.34,9.91,46.57,27.16
2018-08-01,94.67,24.76,13.1,9.97,47.19,26.42
2018-08-02,94.85,24.93,13.31,9.88,47.49,26.46
2018-08-03,99.11,24.72,13.28,9.63,48.19,26.16
2018-08-06,99.11,24.93,13.17,9.59,49.19,25.81
2018-08-07,98.05,25.99,13.08,9.59,48.19,25.81
2018-08-08,96.71,26.24,13.25,9.73,48.5,26.49
2018-08-09,92.62,25.9,13.34,9.69,48.42,26.6
2018-08-10,92.62,26.83,13.44,9.81,49.19,26.84
2018-08-13,91.38,26.96,13.55,10.16,51.19,26.56
2018-08-14,91.82,26.54,13.81,10.21,50.5,27.37
2018-08-15,90.58,25.61,13.66,9.95,48.34,26.98
2018-08-16,90.76,25.61,13.72,9.95,49.73,27.65
2018-08-17,90.93,26.2,13.88,10.0,49.42,27.46
2018-08-20,91.2,25.94,13.94,9.88,50.42,28.14
2018-08-21,91.65,26.49,13.94,9.95,50.65,28.37
2018-08-22,92.09,26.16,14.06,10.08,50.5,28.3
2018-08-23,92.98,26.45,14.17,10.11,50.73,28.35
2018-08-24,92.45,26.2,14.18,10.17,52.34,28.14
2018-08-27,92.62,26.66,14.17,10.33,52.96,28.7
2018-08-28,92.62,27.04,14.1,10.58,53.11,28.6
2018-08-29,91.56,26.66,14.1,10.5,51.81,28.44
2018-08-30,91.91,26.96,14.09,10.52,52.96,28.6
2018-08-31,91.91,26.41,14.1,10.6,52.19,27.91
2018-09-04,90.76,25.78,14.07,10.34,51.88,27.53
2018-09-05,90.22,25.61,13.82,10.24,51.57,27.05
2018-09-06,87.11,25.48,13.51,10.25,51.65,27.07
2018-09-07,86.4,26.2,13.72,10.53,52.19,27.28
2018-09-10,88.27,26.2,13.58,10.4,53.5,27.3
2018-09-11,89.96,26.62,13.77,10.61,53.88,28.02
2018-09-12,90.13,26.45,13.74,10.48,54.65,28.12
2018-09-13,89.16,26.58,13.85,10.54,53.73,28.26
2018-09-14,89.78,27.04,14.21,10.48,54.35,28.37
2018-09-17,88.0,26.58,14.07,10.46,54.81,28.02
2018-09-18,88.53,26.75,14.29,10.46,54.96,28.37
2018-09-19,87.65,26.75,14.5,10.52,54.42,28.35
2018-09-20,87.56,27.21,14.65,10.85,54.88,28.26
2018-09-21,87.65,27.3,14.65,10.95,54.5,29.3
2018-09-24,88.53,27.55,14.71,10.95,56.19,29.46
2018-09-25,88.45,27.21,14.65,10.94,56.27,29.37
2018-09-26,88.0,26.96,14.69,10.88,55.42,29.07
2018-09-27,87.65,26.79,14.74,11.02,55.5,29.77
2018-09-28,87.38,26.62,14.77,11.22,54.65,29.58
2018-10-01,87.56,26.41,14.68,11.25,55.12,29.53
2018-10-02,90.67,26.62,14.45,10.95,54.65,29.53
2018-10-03,90.85,26.62,14.52,10.95,54.42,29.79
2018-10-04,89.42,26.62,14.63,10.98,55.04,29.98
2018-10-05,87.56,26.58,14.55,10.99,53.11,29.42
2018-10-08,85.87,26.36,14.36,10.93,51.42,29.77
2018-10-09,85.87,26.41,14.26,10.88,51.65,30.12
2018-10-10,85.87,26.41,14.45,10.98,51.57,30.46
2018-10-11,82.67,24.7,13.62,10.58,48.42,28.95
2018-10-12,85.33,25.64,13.98,10.82,49.42,29.65
2018-10-15,84.89,25.29,13.72,10.7,48.26,29.19
2018-10-16,87.65,25.34,13.8,10.81,48.8,29.63
2018-10-17,88.0,25.34,13.91,10.88,48.8,29.77
2018-10-18,88.09,24.82,13.91,10.88,48.5,29.42
2018-10-19,88.09,24.7,13.72,10.81,47.73,29.09
2018-10-22,88.09,24.44,13.77,10.64,46.49,29.0
2018-10-23,88.0,23.88,13.46,10.48,44.65,27.79
2018-10-24,87.82,23.75,13.34,10.4,42.95,27.09
2018-10-25,86.05,23.45,13.1,10.34,44.11,26.28
2018-10-26,85.69,22.9,13.02,10.32,44.42,25.12
2018-10-29,86.4,22.64,13.08,10.3,43.88,24.35
2018-10-30,85.87,23.2,13.08,10.26,44.03,24.91
2018-10-31,86.4,23.8,13.38,10.68,45.8,26.23
2018-11-01,84.89,23.54,13.37,10.5,44.72,25.7
2018-11-02,85.33,24.05,13.69,10.61,46.26,26.16
2018-11-05,85.33,24.18,13.58,10.61,46.96,25.91
2018-11-06,85.16,23.88,13.45,10.5,46.42,25.91
2018-11-07,85.33,23.75,13.35,10.38,45.8,26.05
2018-11-08,85.33,23.84,13.45,10.32,45.72,25.58
2018-11-09,85.25,23.24,13.16,9.97,43.88,24.65
2018-11-12,85.25,23.37,13.38,9.96,44.49,25.58
2018-11-13,82.93,22.94,13.29,9.79,43.49,25.05
2018-11-14,84.18,22.77,13.48,9.5,42.34,24.95
2018-11-15,81.51,22.85,13.46,9.28,42.34,24.88
2018-11-16,80.09,22.77,13.64,9.34,43.42,24.93
2018-11-19,85.69,23.11,13.77,9.4,45.42,26.26
2018-11-20,86.4,23.03,13.85,9.68,45.03,26.14
2018-11-21,86.49,23.71,13.85,9.68,44.65,26.29
2018-11-22,87.11,23.45,13.85,9.5,44.65,26.6
2018-11-23,88.0,23.11,13.74,9.43,44.8,26.05
2018-11-26,89.33,23.11,13.54,9.44,44.72,26.36
2018-11-27,90.22,22.85,13.64,9.44,44.72,26.17
2018-11-28,90.67,23.58,13.66,9.34,44.88,26.23
2018-11-29,90.67,23.54,13.69,9.07,44.18,26.36
2018-11-30,90.4,23.71,13.69,8.81,44.65,26.2
2018-12-03,90.58,24.82,14.33,9.23,46.96,27.29
2018-12-04,90.67,24.65,14.34,9.18,46.73,27.29
2018-12-05,90.76,24.74,14.23,9.36,46.8,27.53
2018-12-06,90.76,24.35,14.17,9.18,46.57,27.26
2018-12-07,90.85,24.48,14.39,9.19,47.03,27.47
2018-12-10,90.76,24.35,14.1,8.95,47.26,27.29
2018-12-11,90.85,24.31,14.06,8.87,46.88,27.22
2018-12-12,90.85,24.82,14.18,8.91,47.11,27.75
2018-12-13,91.38,24.65,14.23,9.02,46.96,27.6
2018-12-14,91.29,24.18,14.09,8.89,46.19,27.26
2018-12-17,91.11,23.45,13.72,8.59,43.88,26.36
2018-12-18,90.67,23.58,13.4,8.25,43.72,26.45
2018-12-19,90.67,23.28,13.43,7.88,42.95,26.6
2018-12-20,90.58,23.37,13.42,7.94,43.03,26.51
2018-12-21,90.67,23.33,13.56,7.94,43.95,26.98
2018-12-24,90.67,22.73,13.4,8.09,43.57,26.82
2018-12-25,90.58,22.56,13.24,8.06,42.57,26.48
2018-12-26,90.58,22.6,13.21,8.04,42.49,26.48
2018-12-27,91.02,22.9,13.34,8.21,43.26,26.79
2018-12-28,84.71,22.9,13.46,8.21,40.8,26.98
2019-01-02,89.25,22.94,13.15,8.17,41.88,26.51
2019-01-03,89.16,22.94,13.02,7.82,41.26,25.74
2019-01-04,89.42,23.28,13.11,7.88,42.26,25.92
2019-01-07,89.78,23.37,13.34,7.78,42.49,26.36
2019-01-08,89.78,23.54,13.4,7.65,41.64,26.05
2019-01-09,90.22,23.88,13.53,7.82,41.72,26.48
2019-01-10,90.13,23.54,13.45,7.9,42.41,26.67
2019-01-11,90.13,23.63,13.46,7.78,42.57,26.36
2019-01-14,90.13,23.67,13.56,7.77,42.26,26.36
2019-01-15,90.22,23.92,13.66,7.77,42.57,26.57
2019-01-16,90.67,23.71,13.58,7.81,42.72,26.45
2019-01-17,90.67,23.63,13.4,7.67,42.11,26.45
2019-01-18,90.85,23.45,13.4,7.75,41.88,26.17
2019-01-21,91.02,23.88,13.56,7.84,42.57,25.95
2019-01-22,91.02,23.63,13.51,7.82,41.18,25.98
2019-01-23,91.2,23.71,13.51,7.97,40.95,25.92
2019-01-24,91.38,23.71,13.54,7.92,40.95,25.92
2019-01-25,91.47,23.88,13.53,7.88,41.41,25.8
2019-01-28,92.18,23.75,13.43,7.89,41.18,25.92
2019-01-29,92.36,24.27,13.56,7.88,41.18,26.51
2019-01-30,92.36,24.27,13.78,7.69,41.03,25.92
2019-01-31,92.36,24.31,13.78,7.35,41.49,25.74
2019-02-01,87.82,24.18,13.59,7.24,41.18,25.74
2019-02-11,92.45,24.87,14.09,7.67,42.8,26.23
2019-02-12,96.98,25.08,14.01,7.82,42.88,26.23
2019-02-13,96.89,25.59,14.21,8.2,43.95,26.73
2019-02-14,100.36,25.77,14.12,8.22,43.65,26.57
2019-02-15,99.56,25.38,14.1,8.38,43.65,26.7
2019-02-18,101.07,25.68,14.17,8.53,45.42,26.7
2019-02-19,103.11,25.25,14.17,8.41,44.42,26.98
2019-02-20,103.56,25.29,14.31,8.54,43.72,27.01
2019-02-21,105.25,25.72,14.29,8.67,44.88,27.26
2019-02-22,104.0,26.54,14.42,8.99,45.03,27.6
2019-02-25,103.38,27.13,14.52,9.23,45.11,27.78
2019-02-26,102.67,26.96,14.42,9.15,43.88,27.44
2019-02-27,104.36,26.49,14.39,9.12,43.65,27.35
2019-02-28,101.33,25.89,14.1,8.91,43.49,26.91
2019-03-01,102.31,26.62,14.23,9.08,45.11,27.13
2019-03-04,104.36,26.88,14.36,9.38,46.49,27.6
2019-03-05,104.27,26.96,14.33,9.3,45.72,27.22
2019-03-06,104.62,26.84,14.23,9.28,47.34,27.32
2019-03-07,105.96,27.01,14.28,9.04,46.96,27.19
2019-03-08,104.98,26.88,14.25,9.01,46.57,26.85
2019-03-11,105.16,26.79,14.2,8.97,46.49,27.1
2019-03-12,105.42,27.73,14.84,8.98,47.73,27.44
2019-03-13,104.45,27.91,14.74,9.11,47.57,27.72
2019-03-14,105.51,28.63,14.79,9.07,47.26,27.47
2019-03-15,105.51,28.25,14.68,8.46,48.03,27.47
2019-03-18,107.82,28.93,14.74,8.45,48.11,27.66
2019-03-19,107.56,28.59,14.58,8.46,47.8,27.63
2019-03-20,106.85,28.55,14.5,8.57,47.49,27.44
2019-03-21,104.0,28.5,14.39,8.49,45.8,27.26
2019-03-22,105.42,28.63,14.37,8.47,45.42,27.04
2019-03-25,102.4,28.03,14.17,8.33,44.65,25.98
2019-03-26,101.07,28.03,14.28,8.38,44.42,26.08
2019-03-27,101.25,28.03,14.36,8.58,45.26,26.17
2019-03-28,103.02,28.55,14.41,8.61,45.8,26.17
2019-03-29,103.02,28.8,14.52,8.54,45.72,26.29
2019-04-01,103.56,29.02,14.61,8.47,46.96,26.08
2019-04-02,103.38,28.89,14.68,8.51,46.42,26.08
2019-04-03,102.13,28.76,15.06,8.51,46.8,25.98
2019-04-04,102.31,28.98,15.25,8.59,46.8,25.89
2019-04-05,102.31,29.15,15.25,8.62,47.26,26.08
2019-04-08,102.67,29.83,15.25,8.59,48.19,26.05
2019-04-09,100.45,29.87,15.09,8.51,47.57,25.95
2019-04-10,99.38,29.49,14.96,8.47,46.96,25.67
2019-04-11,102.22,29.32,15.0,8.47,46.8,25.58
2019-04-12,100.62,29.1,15.38,8.5,46.96,25.58
2019-04-16,100.53,28.85,15.28,8.42,46.96,25.33
2019-04-17,97.78,29.1,15.47,8.38,47.03,25.36
2019-04-18,96.89,29.06,15.47,8.3,46.57,25.24
2019-04-19,97.87,29.1,15.46,8.38,46.73,25.49
2019-04-22,99.47,29.06,15.28,8.45,46.57,25.74
2019-04-23,100.45,28.89,15.28,8.46,47.19,25.67
2019-04-24,101.16,29.32,15.49,8.85,47.57,25.74
2019-04-25,100.98,28.98,15.57,8.78,47.34,25.89
2019-04-26,101.07,29.06,15.81,8.91,47.96,26.32
2019-05-02,100.98,28.63,15.91,9.02,48.11,26.67
2019-05-03,100.0,28.55,15.95,9.06,47.42,26.64
2019-05-06,99.73,28.38,15.55,8.87,46.96,25.98
2019-05-07,100.09,28.08,15.86,8.89,47.11,26.01
2019-05-08,100.09,27.86,15.84,8.79,46.88,25.89
2019-05-09,100.09,28.03,15.51,8.73,46.65,26.08
2019-05-10,100.18,28.08,15.63,8.71,47.19,26.36
2019-05-13,100.36,28.2,15.79,8.5,46.8,26.42
2019-05-14,100.89,28.5,16.02,8.59,48.03,26.51
2019-05-15,102.49,28.59,16.08,8.59,49.57,26.98
2019-05-16,103.91,28.59,15.84,8.57,49.57,26.67
2019-05-17,103.91,28.59,15.92,8.55,49.88,26.82
2019-05-20,104.45,29.02,16.21,8.7,50.96,27.38
2019-05-21,104.45,28.98,16.44,8.73,50.5,27.35
2019-05-22,104.45,28.76,16.21,8.75,51.04,27.44
2019-05-23,104.0,28.93,16.37,8.69,51.96,27.63
2019-05-24,102.22,28.46,16.33,8.53,50.8,27.98
2019-05-27,102.22,28.85,16.21,8.54,50.8,27.66
2019-05-28,101.33,28.85,16.06,8.5,51.88,27.82
2019-05-29,102.4,28.89,15.8,8.62,51.42,27.6
2019-05-30,102.22,28.98,15.96,8.49,51.9,27.63
2019-05-31,101.87,28.76,15.8,8.51,50.54,27.16
2019-06-03,101.78,28.46,15.58,8.36,49.1,26.81
2019-06-04,101.87,28.76,15.51,8.38,49.82,27.12
2019-06-05,103.02,28.55,15.62,8.21,49.66,27.31
2019-06-06,103.02,28.2,15.94,7.83,49.42,27.28
2019-06-07,104.0,28.08,16.19,7.91,49.98,27.85
2019-06-10,104.53,28.55,16.15,7.9,49.98,27.94
2019-06-11,104.0,28.85,16.19,7.93,49.98,28.26
2019-06-12,103.11,28.68,16.14,7.97,49.5,28.61
2019-06-13,102.67,28.8,15.96,7.93,49.26,28.2
2019-06-14,102.67,29.62,15.9,7.91,49.18,28.1
2019-06-17,101.78,29.62,15.78,7.74,49.1,27.69
2019-06-18,101.33,30.09,15.78,7.95,48.86,27.85
2019-06-19,103.02,29.87,15.99,8.22,49.26,27.94
2019-06-20,103.11,30.6,16.26,8.14,50.86,28.61
2019-06-21,101.78,30.39,16.26,8.17,50.46,28.7
2019-06-24,103.47,31.24,16.17,8.05,50.06,28.83
2019-06-25,103.47,30.99,16.66,7.97,49.58,28.95
2019-06-26,103.91,30.17,16.53,7.9,50.3,29.27
2019-06-27,102.13,29.75,16.26,7.78,49.58,28.7
2019-06-28,102.85,30.17,16.3,8.1,47.66,29.27
2019-07-01,104.18,30.52,16.87,7.93,50.7,29.87
2019-07-02,102.93,30.17,16.8,7.79,51.42,30.12
2019-07-03,102.58,29.79,16.76,7.64,51.26,30.15
2019-07-04,103.56,31.03,16.82,7.69,51.5,30.12
2019-07-05,103.73,31.07,16.69,7.69,51.66,30.09
2019-07-08,103.11,30.52,16.58,7.5,51.18,29.74
2019-07-09,103.11,30.77,16.75,7.36,51.26,30.59
2019-07-10,103.82,31.03,16.85,7.36,51.26,31.04
2019-07-11,103.56,31.67,16.83,7.43,51.74,30.91
2019-07-12,103.11,31.54,16.83,7.55,51.66,30.94
2019-07-15,101.51,32.1,16.94,7.4,51.74,31.92
2019-07-16,103.02,33.04,16.94,7.45,51.5,32.23
2019-07-17,102.67,32.61,16.85,7.36,51.5,32.04
2019-07-18,102.05,32.7,16.76,7.22,51.42,32.77
2019-07-19,103.11,33.81,17.26,7.1,51.34,33.4
2019-07-22,103.56,33.81,17.32,7.16,51.42,33.59
2019-07-23,106.49,33.77,17.48,7.48,51.42,34.35
2019-07-24,108.45,32.91,17.41,7.43,52.86,33.87
2019-07-25,109.51,33.25,17.43,7.72,52.62,34.03
2019-07-26,108.53,33.6,17.48,7.78,52.7,33.65
2019-07-29,110.58,34.67,17.41,7.62,51.82,33.43
2019-07-30,108.89,34.5,17.12,7.41,51.74,32.71
2019-07-31,108.45,34.32,17.34,7.78,52.46,33.68
2019-08-01,110.58,34.45,17.32,7.79,52.06,34.22
2019-08-02,108.89,33.85,17.48,7.74,52.06,34.06
2019-08-05,104.89,33.13,17.55,7.64,50.54,34.54
2019-08-06,106.49,32.66,17.53,7.5,49.1,34.69
2019-08-07,104.89,33.55,17.82,7.62,49.66,35.96
2019-08-08,108.45,33.6,18.02,8.03,49.82,35.64
2019-08-09,106.85,33.6,18.3,7.97,49.82,36.55
2019-08-12,106.67,33.25,18.73,8.14,49.98,36.9
2019-08-13,104.98,32.66,18.8,8.09,50.62,37.15
2019-08-14,105.42,32.66,19.06,8.09,49.98,37.5
2019-08-15,107.56,33.81,19.35,8.02,49.26,37.85
2019-08-16,108.45,33.34,18.98,7.95,49.98,37.0
2019-08-19,108.36,32.87,19.13,7.95,50.14,37.19
2019-08-20,107.56,32.91,19.71,7.9,50.06,37.85
2019-08-21,108.8,34.24,19.57,8.0,50.14,37.94
2019-08-22,112.09,34.24,19.35,7.95,50.14,37.06
2019-08-23,111.11,33.9,19.86,8.07,49.66,36.74
2019-08-26,110.93,33.3,19.6,7.86,48.7,36.71
2019-08-27,108.89,32.74,19.27,7.72,49.02,35.96
2019-08-28,108.45,32.96,19.02,7.67,48.86,35.89
2019-08-29,108.89,32.87,19.24,7.64,48.86,36.27
2019-08-30,109.78,33.25,19.38,7.66,49.26,36.87
2019-09-03,109.33,33.3,19.6,7.47,48.62,37.09
2019-09-04,108.8,33.08,19.42,7.45,48.62,37.19
2019-09-05,108.45,33.21,19.2,7.48,48.86,36.65
2019-09-06,107.65,33.08,19.31,7.38,48.54,36.9
2019-09-09,108.98,33.04,19.64,7.31,49.58,36.62
2019-09-10,108.45,33.25,19.71,7.34,49.66,36.24
2019-09-11,108.0,33.47,19.75,7.6,49.26,36.3
2019-09-12,108.0,34.03,20.63,7.78,49.26,36.84
2019-09-13,108.8,35.05,20.73,7.79,49.5,38.6
2019-09-16,109.16,34.67,21.06,7.81,50.14,38.95
2019-09-17,109.16,34.71,21.03,7.83,50.06,38.92
2019-09-18,108.62,34.5,20.59,7.93,49.1,38.48
2019-09-19,108.0,34.88,21.1,7.91,48.94,39.49
2019-09-20,106.13,34.67,21.25,7.81,49.02,39.9
2019-09-23,105.78,33.81,20.63,7.59,49.34,39.11
2019-09-24,106.76,34.5,20.52,7.64,48.78,38.48
2019-09-25,106.4,34.54,20.95,7.55,48.22,39.58
2019-09-26,105.78,34.67,21.06,7.67,48.54,39.74
2019-09-27,106.49,35.48,21.36,7.64,48.46,40.37
2019-09-30,106.49,35.14,21.06,7.57,48.46,39.77
2019-10-01,106.58,35.69,21.36,7.55,48.54,40.21
2019-10-02,104.89,35.1,20.88,7.5,48.14,39.49
2019-10-03,104.89,35.1,20.88,7.43,48.06,39.46
2019-10-04,104.89,35.52,20.73,7.36,46.45,38.79
2019-10-07,104.0,35.44,20.26,7.34,46.61,38.16
2019-10-08,104.09,36.42,20.48,7.55,46.69,38.79
2019-10-09,104.0,36.17,20.59,7.55,46.29,38.98
2019-10-10,103.91,36.21,20.59,7.41,45.57,38.98
2019-10-11,104.89,36.51,20.63,7.41,46.85,38.92
2019-10-14,104.89,36.38,21.06,7.4,46.93,39.33
2019-10-15,105.25,36.46,20.95,7.36,46.93,39.58
2019-10-16,104.89,36.85,20.99,7.34,46.53,39.46
2019-10-17,104.0,36.46,20.7,7.38,46.13,38.76
2019-10-18,104.0,36.38,20.84,7.38,46.37,38.76
2019-10-21,103.91,36.04,20.63,7.31,46.05,38.76
2019-10-22,103.82,36.55,20.55,7.45,46.05,38.83
2019-10-23,104.09,36.51,20.59,7.53,45.81,38.86
2019-10-24,104.18,37.19,21.25,7.59,46.05,40.21
2019-10-25,104.18,37.66,21.17,7.52,46.29,40.34
2019-10-28,104.62,37.41,21.21,7.66,46.45,40.25
2019-10-29,104.71,36.98,21.14,7.66,46.69,40.06
2019-10-30,106.31,37.58,21.1,7.59,47.5,39.39
2019-10-31,105.78,37.53,21.14,7.52,47.5,39.3
2019-11-01,108.89,38.01,21.36,7.55,47.58,39.49
2019-11-04,108.18,39.38,21.87,7.5,47.74,39.77
2019-11-05,108.0,38.86,21.83,7.55,47.82,39.61
2019-11-06,108.36,38.95,21.72,7.59,47.41,39.3
2019-11-07,107.38,39.08,21.72,7.83,47.17,39.52
2019-11-08,107.11,39.16,21.76,7.83,47.25,39.3
2019-11-11,105.69,39.08,21.9,7.86,47.33,38.45
2019-11-12,106.13,39.25,22.27,7.93,47.74,38.57
2019-11-13,105.78,38.73,22.09,7.81,47.74,37.82
2019-11-14,106.05,38.9,21.28,7.81,48.14,36.84
2019-11-15,106.31,38.39,21.39,7.81,47.98,37.37
2019-11-18,104.98,37.49,20.99,7.9,47.41,37.15
2019-11-19,104.09,38.95,21.28,7.86,48.06,37.53
2019-11-20,103.11,38.31,20.73,7.72,47.82,36.93
2019-11-21,102.49,37.45,20.44,7.59,47.82,35.8
2019-11-22,103.29,36.59,20.44,7.62,46.77,35.32
2019-11-25,103.11,36.17,20.66,7.67,47.25,35.32
2019-11-26,102.4,36.25,20.84,7.81,47.41,35.8
2019-11-27,102.76,36.94,20.81,7.79,46.93,35.7
2019-11-28,102.85,36.51,20.44,7.79,46.45,34.38
2019-11-29,102.85,36.51,20.59,7.88,46.13,34.38
2019-12-02,102.22,35.74,19.93,7.91,45.41,34.19
2019-12-03,102.22,35.1,19.9,8.09,44.77,34.44
2019-12-04,102.67,36.25,20.22,8.09,45.65,35.64
2019-12-05,102.93,36.29,20.04,7.97,45.09,34.88
2019-12-06,103.02,36.34,20.08,8.22,45.17,34.95
2019-12-09,103.02,36.46,20.19,8.34,45.09,34.98
2019-12-10,103.02,36.55,20.26,8.41,44.53,35.01
2019-12-11,103.02,36.76,20.63,8.41,43.81,35.64
2019-12-12,103.11,37.45,20.81,8.34,44.21,35.77
2019-12-13,103.11,37.83,20.84,8.21,44.37,35.64
2019-12-16,102.93,36.81,20.63,8.19,45.01,35.7
2019-12-17,102.93,36.51,20.22,7.98,44.53,35.73
2019-12-18,102.93,37.11,20.26,7.78,44.53,34.69
2019-12-19,102.93,37.66,20.37,7.86,44.37,34.69
2019-12-20,102.93,37.79,20.63,7.93,45.57,34.91
2019-12-23,102.85,38.9,20.48,7.95,44.93,35.01
2019-12-24,102.67,38.52,20.59,8.0,44.93,35.1
2019-12-25,102.67,38.48,20.99,7.98,44.93,35.92
2019-12-26,102.58,38.26,20.95,7.93,44.77,35.73
2019-12-27,102.4,38.73,21.03,8.12,45.17,35.8
2019-12-30,102.22,39.29,21.39,8.16,44.85,35.96
2019-12-31,102.22,38.95,21.28,8.1,44.85,35.96
2020-01-02,102.22,39.21,21.39,8.28,45.25,36.9
2020-01-03,102.49,38.82,21.03,8.33,45.73,36.37
2020-01-06,101.78,37.78,20.81,8.28,45.89,36.18
2020-01-07,101.96,37.91,21.21,8.17,45.25,36.46
2020-01-08,101.6,37.57,20.73,8.09,44.61,35.58
2020-01-09,101.96,38.3,21.03,8.28,45.01,36.11
2020-01-10,102.05,38.65,20.99,8.34,44.61,36.3
2020-01-13,102.13,38.6,20.84,8.36,44.77,36.11
2020-01-14,102.22,38.6,20.81,8.62,44.45,35.92
2020-01-15,102.22,38.56,20.81,8.67,44.37,35.96
2020-01-16,102.22,38.65,21.17,8.72,44.61,36.4
2020-01-17,102.13,40.8,21.03,8.62,45.01,36.62
2020-01-20,102.13,40.59,20.95,8.79,44.85,37.41
2020-01-21,102.13,40.59,20.26,8.91,45.57,37.85
2020-01-22,102.13,40.33,20.63,9.07,45.89,37.6
2020-01-30,102.13,38.39,19.97,8.72,44.37,35.96
2020-01-31,102.05,38.3,18.98,8.31,42.45,34.95
2020-02-03,102.05,38.3,18.8,8.47,40.85,34.32
2020-02-04,102.05,38.77,18.91,8.48,40.61,34.03
2020-02-05,101.78,38.39,18.98,8.43,41.25,34.06
2020-02-06,101.69,38.6,19.57,8.69,41.65,34.54
2020-02-07,101.69,38.86,19.46,8.4,41.49,34.28
2020-02-10,101.07,38.39,19.2,8.4,41.33,33.37
2020-02-11,100.8,38.52,19.57,8.14,42.29,33.59
2020-02-12,99.56,38.6,19.75,8.21,42.37,34.38
2020-02-13,99.91,38.56,19.82,8.17,42.69,34.06
2020-02-14,97.78,38.56,19.9,8.17,42.69,33.78
2020-02-17,96.0,38.6,19.79,8.19,42.53,33.91
2020-02-18,92.89,38.6,20.44,8.03,42.29,34.35
2020-02-19,93.33,38.65,20.33,8.02,42.37,34.85
2020-02-20,97.78,38.65,20.37,8.19,42.61,34.88
2020-02-21,97.69,38.43,19.97,8.12,42.29,34.88
2020-02-24,95.38,37.65,19.16,7.83,40.53,33.5
2020-02-25,95.11,37.22,19.71,7.97,40.69,33.75
2020-02-26,94.13,36.7,20.08,7.84,40.13,33.5
2020-02-27,93.87,36.27,20.44,7.91,41.01,34.19
2020-02-28,93.69,35.58,20.11,7.71,41.33,33.59
2020-03-02,93.69,35.32,20.33,7.69,40.69,33.59
2020-03-03,93.78,35.49,20.41,7.69,40.29,33.56
2020-03-04,93.78,35.28,20.26,7.71,40.29,33.43
2020-03-05,93.87,35.88,19.93,7.71,40.29,33.27
2020-03-06,93.33,36.49,19.71,7.72,39.81,32.52
2020-03-09,86.85,33.94,18.36,7.19,37.04,30.25
2020-03-10,86.85,34.5,18.87,7.47,35.08,29.62
2020-03-11,86.22,33.25,18.54,7.09,32.76,27.57
2020-03-12,81.6,30.96,17.56,6.64,30.48,25.64
2020-03-13,82.22,30.66,17.58,6.57,28.95,24.92
2020-03-16,82.22,28.97,17.38,6.59,29.47,23.97
2020-03-17,78.67,29.15,17.7,6.62,31.52,24.38
2020-03-18,79.11,29.92,17.67,6.79,33.72,24.85
2020-03-19,78.85,28.5,17.41,6.6,32.12,23.84
2020-03-20,73.33,26.56,17.41,6.41,32.52,24.35
2020-03-23,68.27,24.7,16.21,5.97,30.28,22.65
2020-03-24,63.56,25.04,16.24,5.9,30.03,21.7
2020-03-25,68.0,26.77,16.79,6.14,32.12,23.02
2020-03-26,72.71,27.29,16.14,5.84,31.6,21.45
2020-03-27,77.16,27.68,15.73,5.59,31.64,19.96
2020-03-30,72.36,26.34,14.75,5.64,30.2,18.77
2020-03-31,74.13,26.77,15.0,5.81,30.79,18.58
2020-04-01,76.45,28.07,15.44,5.95,32.82,19.3
2020-04-03,80.89,28.28,16.28,6.09,33.66,20.63
2020-04-06,86.49,29.36,17.34,6.5,33.83,22.05
2020-04-07,86.49,29.45,17.27,6.55,32.77,23.53
2020-04-08,83.56,29.15,17.1,6.45,32.39,23.34
2020-04-09,85.33,30.66,17.1,6.4,33.74,23.02
2020-04-10,84.45,30.48,16.94,6.48,34.38,22.61
2020-04-13,85.33,30.57,16.97,6.67,34.04,23.66
2020-04-14,84.98,30.18,18.07,6.88,33.41,23.59
2020-04-15,85.33,30.61,18.29,6.93,33.66,24.22
2020-04-16,85.25,30.74,18.36,6.98,34.59,24.25
2020-04-17,85.42,30.83,18.69,7.14,34.93,25.86
2020-04-20,85.51,31.05,18.73,7.31,37.03,26.59
2020-04-21,82.67,30.87,18.0,6.97,34.46,25.04
2020-04-22,82.22,29.92,18.65,7.17,34.34,25.86
2020-04-23,82.67,29.88,18.62,7.45,34.34,26.34
2020-04-24,82.67,29.75,18.62,7.62,34.88,26.18
2020-04-27,81.78,28.84,18.51,7.57,33.91,25.93
2020-04-28,81.78,28.93,18.51,7.38,33.49,25.52
2020-04-29,81.69,29.36,18.54,7.41,34.0,25.77
2020-05-04,81.6,29.1,18.43,7.24,33.83,25.04
2020-05-05,82.4,28.84,18.58,7.38,34.08,25.01
2020-05-06,84.45,29.19,19.31,7.66,35.39,25.61
2020-05-07,85.33,30.1,19.53,8.14,35.47,26.05
2020-05-08,86.67,31.74,19.6,8.07,36.95,26.43
2020-05-11,86.67,32.17,19.71,8.26,37.37,26.81
2020-05-12,86.22,32.64,19.86,8.16,38.43,26.27
2020-05-13,84.45,32.64,21.1,8.31,38.51,26.46
2020-05-14,85.33,32.82,20.83,8.26,38.47,26.18
2020-05-15,86.22,32.82,20.53,8.1,37.54,25.89
2020-05-18,85.78,33.9,20.68,8.66,38.26,26.97
2020-05-19,85.78,34.11,21.06,9.02,39.48,27.5
2020-05-20,85.87,34.37,20.91,9.12,39.52,27.28
2020-05-21,87.11,35.06,21.08,9.14,39.65,27.44
2020-05-22,85.69,34.98,20.72,9.4,39.14,26.81
2020-05-25,86.31,35.02,20.72,9.41,39.1,27.16
2020-05-26,86.13,35.62,20.87,9.79,39.57,27.28
2020-05-27,86.13,35.8,20.53,9.38,39.57,26.75
2020-05-28,86.22,36.49,20.53,9.38,39.48,26.71
2020-05-29,86.22,36.79,20.51,9.45,38.93,26.68
2020-06-01,86.4,37.35,20.66,9.53,39.06,27.12
2020-06-02,85.96,37.39,20.53,9.33,39.14,26.9
2020-06-03,86.05,37.95,20.81,9.29,39.4,26.94
2020-06-04,85.33,38.43,20.7,9.17,39.78,26.97
2020-06-05,84.45,38.43,20.83,9.33,39.65,27.16
2020-06-08,85.33,38.6,21.1,9.55,40.49,28.42
2020-06-09,85.51,38.65,20.93,9.34,40.16,27.98
2020-06-10,84.98,38.69,20.87,9.31,40.24,28.2
2020-06-11,82.67,38.0,19.67,8.79,37.46,26.24
2020-06-12,81.6,36.96,20.1,9.14,38.13,27.12
2020-06-15,79.11,35.41,19.67,8.76,37.12,26.02
2020-06-16,83.02,36.14,19.93,9.03,37.37,26.62
2020-06-17,81.69,36.36,19.82,9.05,38.6,26.43
2020-06-18,80.89,36.7,19.93,9.24,39.4,26.43
2020-06-19,86.49,36.87,20.1,9.43,38.81,26.65
2020-06-22,86.13,36.92,20.1,9.41,38.81,27.09
2020-06-23,83.73,37.13,20.33,9.31,39.02,26.9
2020-06-24,84.18,36.57,20.19,9.31,38.72,26.81
2020-06-25,83.02,36.14,20.01,9.41,38.68,26.37
2020-06-26,81.33,35.97,20.04,9.38,38.64,26.56
2020-06-29,79.11,35.19,19.69,9.19,37.54,25.71
2020-06-30,79.11,34.67,19.52,9.24,37.54,25.48
2020-07-01,80.89,35.71,19.76,9.45,38.05,25.86
2020-07-02,79.91,35.67,19.74,9.52,38.38,25.8
2020-07-03,80.18,35.84,19.78,9.48,38.76,25.77
2020-07-06,81.25,35.8,20.01,9.52,39.14,26.34
2020-07-07,80.89,36.01,20.29,9.78,39.23,26.4
2020-07-08,80.71,35.84,20.4,9.67,39.23,26.37
2020-07-09,80.89,36.1,20.68,9.71,39.27,26.49
2020-07-10,81.25,35.71,20.44,9.57,39.1,26.15
2020-07-13,81.16,35.8,20.81,9.53,39.14,26.12
2020-07-14,81.16,35.84,20.76,9.62,39.14,26.15
2020-07-15,80.45,36.05,20.78,9.67,39.19,26.68
2020-07-16,82.67,36.05,20.78,9.86,39.52,26.75
2020-07-17,81.33,35.75,20.57,9.84,40.07,26.49
2020-07-20,80.18,35.49,20.27,9.66,39.14,26.27
2020-07-21,80.18,35.62,20.44,9.69,38.72,26.4
2020-07-22,79.82,35.62,20.27,9.69,38.22,26.24
2020-07-23,80.0,35.62,20.42,9.72,38.81,26.18
2020-07-24,78.22,34.98,19.63,9.26,38.3,24.98
2020-07-27,75.56,33.25,18.69,8.95,35.64,23.24
2020-07-28,75.73,33.9,19.54,9.43,36.78,23.97
2020-07-29,74.22,33.46,19.05,9.17,35.05,23.02
2020-07-30,75.65,33.42,19.31,9.32,35.6,23.43
2020-07-31,77.78,32.99,19.03,9.15,35.6,23.5
2020-08-03,77.87,34.03,19.63,9.65,36.91,23.97
2020-08-04,78.22,35.36,19.91,9.69,37.54,24.29
2020-08-05,77.33,35.71,20.1,10.16,37.5,24.98
2020-08-06,77.78,35.75,20.01,10.14,37.63,25.01
2020-08-07,77.78,35.8,20.14,10.2,37.63,24.79
2020-08-10,78.4,35.36,20.19,10.24,38.13,24.92
2020-08-11,77.78,35.45,20.1,10.22,38.55,25.07
2020-08-12,77.69,35.45,20.31,10.24,39.23,25.17
2020-08-13,78.22,35.84,20.51,10.33,39.31,25.93
2020-08-14,77.69,35.41,20.44,10.16,39.31,26.21
2020-08-17,77.96,35.54,20.53,10.24,38.98,25.93
2020-08-18,76.89,35.54,20.46,10.18,38.85,25.67
2020-08-19,76.89,35.84,20.46,10.22,39.65,25.8
2020-08-20,76.45,35.84,20.55,10.16,39.1,25.77
2020-08-21,76.53,35.8,20.7,10.26,39.27,25.86
2020-08-24,79.11,36.23,21.16,10.45,40.92,26.53
2020-08-25,80.89,36.23,21.34,10.35,42.52,27.63
2020-08-26,80.89,36.05,21.14,10.2,43.36,27.53
2020-08-27,80.89,36.05,21.77,10.24,44.54,28.04
2020-08-28,79.91,36.01,21.8,10.24,44.12,29.27
2020-08-31,80.0,35.84,21.62,10.35,44.29,29.46
2020-09-01,82.4,35.84,21.8,10.45,44.63,29.58
2020-09-03,84.0,37.22,22.01,10.54,44.8,29.9
2020-09-04,83.56,36.66,21.84,10.52,44.37,29.68
2020-09-07,81.33,36.1,21.18,10.33,43.94,28.48
2020-09-08,80.45,35.62,21.62,10.39,44.03,29.36
2020-09-09,80.45,35.49,21.49,10.33,43.77,29.46
2020-09-10,80.45,35.45,21.49,10.35,43.08,29.62
2020-09-11,80.98,35.54,21.47,10.31,42.74,29.46
2020-09-14,82.76,35.84,21.53,10.37,42.82,29.33
2020-09-15,84.45,35.62,21.84,10.41,42.56,29.3
2020-09-16,84.89,35.8,22.06,10.41,43.68,29.84
2020-09-17,83.56,35.62,21.84,10.71,42.99,29.71
2020-09-18,83.56,35.8,22.36,10.83,43.34,29.81
2020-09-21,85.33,35.84,22.36,10.83,43.6,31.04
2020-09-22,84.09,36.27,22.41,10.77,43.34,31.41
2020-09-23,84.0,36.87,22.32,10.87,44.37,32.14
2020-09-24,82.67,37.18,22.06,10.81,44.46,31.92
2020-09-25,82.49,37.13,22.19,10.85,44.37,31.7
2020-09-28,82.49,37.13,22.32,11.13,44.11,32.49
2020-09-29,81.33,36.53,21.93,11.11,43.51,32.64
2020-09-30,81.33,36.31,21.84,11.13,43.25,32.9
2020-10-01,82.22,36.62,22.19,11.38,43.68,33.12
2020-10-02,83.56,36.27,21.97,11.25,43.51,32.8
2020-10-05,82.93,36.05,22.06,11.53,43.17,32.8
2020-10-06,81.6,36.23,22.06,11.91,43.17,33.18
2020-10-07,82.22,36.7,22.01,11.72,42.91,33.94
2020-10-08,82.05,36.62,22.32,11.84,42.82,34.54
2020-10-09,83.2,36.62,22.19,12.01,42.78,34.38
2020-10-12,83.47,37.09,22.23,11.91,42.43,33.91
2020-10-13,83.65,37.35,22.14,11.8,42.43,33.5
2020-10-14,84.45,38.08,22.28,11.95,42.56,34.38
2020-10-15,86.67,38.26,22.36,12.24,42.82,34.5
2020-10-16,86.76,38.08,23.24,12.27,42.95,34.19
2020-10-19,86.85,37.78,23.28,12.18,42.43,34.16
2020-10-20,86.93,37.87,23.24,12.37,42.22,34.16
2020-10-21,86.49,37.22,23.06,12.27,42.05,33.84
2020-10-22,88.98,37.39,23.59,12.48,42.48,34.7
2020-10-23,92.45,37.78,23.54,13.02,42.56,35.18
2020-10-26,93.42,37.13,23.06,12.98,42.99,35.18
2020-10-27,93.96,37.13,22.76,13.24,42.48,35.18
2020-10-28,89.07,36.36,22.14,12.81,40.84,33.58
2020-10-29,89.51,36.1,22.23,12.9,41.45,32.72
2020-10-30,94.67,35.84,22.49,12.88,42.13,33.48
2020-11-02,94.67,37.05,22.58,12.9,41.57,34.03
2020-11-03,92.8,36.7,23.06,12.94,41.53,34.28
2020-11-04,92.0,36.7,23.15,12.92,41.96,34.16
2020-11-05,92.89,36.7,22.71,12.75,41.88,34.16
2020-11-06,93.42,36.7,22.89,12.81,41.53,33.58
2020-11-09,94.31,36.92,23.32,13.28,41.7,33.8
2020-11-10,93.87,36.75,23.15,13.19,42.0,33.9
2020-11-11,94.05,36.66,23.15,13.19,42.0,34.54
2020-11-12,94.93,37.31,23.37,13.26,41.79,35.53
2020-11-13,95.47,37.52,23.5,13.47,41.96,35.53
2020-11-16,90.67,37.05,23.28,13.59,41.4,35.08
2020-11-17,94.22,37.82,23.59,14.06,41.62,35.82
2020-11-18,93.25,37.82,23.59,14.58,41.62,35.37
2020-11-19,92.45,38.95,24.07,14.84,43.6,35.82
2020-11-20,92.27,39.94,24.11,15.05,43.51,35.44
2020-11-23,92.27,39.55,24.42,15.81,43.6,36.2
2020-11-24,92.45,39.9,24.29,15.81,43.17,35.82
2020-11-25,93.87,40.37,24.11,15.01,43.34,35.82
2020-11-26,94.31,40.59,24.33,14.79,44.2,36.07
2020-11-27,93.51,40.8,24.55,15.28,44.11,36.94
2020-11-30,92.36,40.16,24.2,14.96,43.68,37.1
2020-12-01,93.33,39.72,24.11,15.01,43.51,37.1
2020-12-02,93.33,40.37,24.29,14.88,43.77,36.46
2020-12-03,94.05,40.37,24.29,15.53,43.51,36.68
2020-12-04,94.05,39.34,24.33,15.57,43.68,36.43
2020-12-07,94.05,40.2,24.33,16.1,44.11,36.55
2020-12-08,93.33,40.2,24.55,16.19,43.6,36.62
2020-12-09,94.22,41.67,25.12,16.23,44.97,36.78
2020-12-10,93.25,41.97,24.68,15.85,44.37,36.39
2020-12-11,94.93,41.97,24.9,16.35,45.57,36.55
2020-12-14,96.8,43.14,24.98,16.54,46.86,37.0
2020-12-15,95.11,42.23,24.77,16.27,46.35,36.87
2020-12-16,95.11,43.14,24.94,16.35,46.17,36.94
2020-12-17,93.07,41.45,24.68,15.87,44.97,36.3
2020-12-18,93.07,42.7,24.85,16.27,46.26,36.78
2020-12-21,94.58,43.05,25.12,16.25,46.43,37.16
2020-12-22,93.96,42.62,25.38,16.59,45.74,38.35
2020-12-23,93.96,42.44,25.12,16.86,45.66,37.77
2020-12-24,93.96,42.36,24.9,16.84,45.31,37.32
2020-12-25,94.13,42.49,25.16,17.18,45.66,37.9
2020-12-28,94.13,42.66,25.29,17.51,47.12,37.51
2020-12-29,94.67,43.18,25.6,17.53,47.03,37.48
2020-12-30,96.45,42.62,25.38,17.24,47.21,37.51
