ticker,period,model_key,result_schema_version,model,strategy,seed,episodes,gamma,near_zero_vol_percent,collapse_flat_ratio,beta_0,beta_decay,beta_min,epsilon_init,beta_decay_transitions,beta_min_action_coverage,ucb_epsilon_init,ucb_epsilon_decay,ucb_epsilon_min,ucb_warmup_episodes,q_scale_floor,final_beta,final_ucb_epsilon,final_action_coverage,ucb_total_transitions,epsilon_decay,epsilon_min,vae_latent_dim,vae_lr,vae_beta_kl,train_profit,train_roi,train_arr,train_volatility,train_sharpe,train_max_drawdown,train_violations,train_flat_step_ratio,train_no_trade,train_near_zero_vol,train_collapse,train_trade_count,train_invalid_action_count,train_invalid_action_rate,train_turnover,train_exposure_ratio,train_q_scale_mean,train_exploration_bonus_mean,train_exploration_bonus_max,test_profit,test_roi,test_arr,test_volatility,test_sharpe,test_max_drawdown,test_violations,test_flat_step_ratio,test_no_trade,test_near_zero_vol,test_collapse,test_trade_count,test_invalid_action_count,test_invalid_action_rate,test_turnover,test_exposure_ratio,test_q_scale_mean,test_exploration_bonus_mean,test_exploration_bonus_max,gap_profit,gap_roi,gap_arr,gap_sharpe,q_loss_mean,vae_loss_mean,cost_loss_mean,novelty_mean,finite,elapsed_seconds
VCB,BAD,UCB_WITHOUT_COST_NETWORK,env_v3_ucb_vae_ablation_bad_v1,UCB-VAE without Cost Network,ucb,41,45,0.95,0.05,0.95,1.0,0.8,0.1,,5000,0.7,1.0,0.8,0.05,15,0.001,0.1,0.05,1.0,101115,,,16,0.0001,0.05,1132.5545500000007,113.25545500000007,8.785119077926428,17.28893231499144,0.4619969902200098,32.7074974626244,6,0.05028927458834001,False,False,False,2111,0,0.0,77.43545,0.4707786926942342,0.18384611872855855,0.09495787675954302,0.10000000149011612,86.66141000000061,8.666141000000062,4.257929835527041,20.34061484661538,0.21000323561205614,21.37582002372468,1,0.0,False,False,False,498,0,0.0,31.73859,0.7691011100623218,0.2580835331066785,0.09797947407013616,0.10000000149011612,1045.8931400000001,104.589314,4.527189242399387,0.25199375460795365,0.009271860921239468,0.185032558749462,,4.067090155870299,True,440.00227715200003
VCB,BAD,UCB_WITHOUT_COST_NETWORK,env_v3_ucb_vae_ablation_bad_v1,UCB-VAE without Cost Network,ucb,42,45,0.95,0.05,0.95,1.0,0.8,0.1,,5000,0.7,1.0,0.8,0.05,15,0.001,0.1,0.05,1.0,101115,,,16,0.0001,0.05,992.0515900000019,99.2051590000002,7.963858665243673,7.972947611274359,0.7583246379960891,10.43308947754772,0,0.10369381397418781,False,False,False,1469,0,0.0,93.10840999999999,0.17175344195143055,0.1553324270126392,0.09657277625356912,0.10000000149011612,0.27208999999913885,0.02720899999991389,0.01365029347448754,15.798640217768522,-0.046818134773325304,23.369132012111727,0,0.006024096385542169,False,False,False,471,0,0.0,45.13791000000002,0.5193897064790274,0.22829986273883338,0.0985365502941604,0.10000000149011612,991.7795000000027,99.17795000000028,7.950208371769185,0.8051427727694144,0.004300451431966697,0.18610525737548697,,3.817860876047163,True,438.2570114780001
VCB,BAD,UCB_WITHOUT_COST_NETWORK,env_v3_ucb_vae_ablation_bad_v1,UCB-VAE without Cost Network,ucb,43,45,0.95,0.05,0.95,1.0,0.8,0.1,,5000,0.7,1.0,0.8,0.05,15,0.001,0.1,0.05,1.0,101115,,,16,0.0001,0.05,1517.313870000005,151.7313870000005,10.810039391049076,15.918337225212023,0.6041548304769689,19.912738569793223,2,0.056074766355140186,False,False,False,1824,0,0.0,96.8761299999999,0.43093403094363686,0.175465903262735,0.0966165860026753,0.10000000149011612,70.9081199999996,7.090811999999961,3.4968641485869867,19.843249244531165,0.17319081401615444,21.24343930047038,0,0.05823293172690763,False,False,False,221,0,0.0,25.131879999999995,0.7878252882925498,0.23442361129814362,0.09838634008672952,0.10000000149011612,1446.4057500000054,144.64057500000052,7.313175242462089,0.4309640164608145,0.006114564778823635,0.18522850819702807,,3.9554525444480615,True,438.4487203209999
VCB,BAD,UCB_WITHOUT_COST_NETWORK,env_v3_ucb_vae_ablation_bad_v1,UCB-VAE without Cost Network,ucb,44,45,0.95,0.05,0.95,1.0,0.8,0.1,,5000,0.7,1.0,0.8,0.05,15,0.001,0.1,0.05,1.0,101115,,,16,0.0001,0.05,1699.0622700000022,169.90622700000023,11.672274487468748,21.971578985451824,0.5257520823282748,34.802304188040274,18,0.0008900756564307966,False,False,False,2218,0,0.0,123.94772999999998,0.7043041255970605,0.2056992949514215,0.0972902662788326,0.10000000149011612,152.65593999999965,15.265593999999966,7.3880080644183055,19.065493022016643,0.36731256931339645,20.597183736410578,0,0.0,False,False,False,498,0,0.0,50.87406000000001,0.7097501789493667,0.29733553612567337,0.09863577378072544,0.10000000149011612,1546.4063300000025,154.64063300000026,4.284266423050442,0.1584395130148783,0.008912597457090691,0.17753605534290445,,3.949059660045628,True,438.1842030779999
VCB,BAD,UCB_WITHOUT_COST_NETWORK,env_v3_ucb_vae_ablation_bad_v1,UCB-VAE without Cost Network,ucb,45,45,0.95,0.05,0.95,1.0,0.8,0.1,,5000,0.7,1.0,0.8,0.05,15,0.001,0.1,0.05,1.0,101115,,,16,0.0001,0.05,796.5145599999987,79.65145599999988,6.730721542254381,17.687758497749627,0.347069239017852,37.87828626487317,11,0.037828215398308856,False,False,False,1809,0,0.0,147.06543999999982,0.4281892391707625,0.23724900762014617,0.09603407525803301,0.10000000149011612,80.80276999999933,8.080276999999933,3.9755361067165707,19.815833376606594,0.1965356688168263,27.01724856976147,1,0.0,False,False,False,498,0,0.0,94.97722999999998,0.7426590413672178,0.3261434334109586,0.09782236313033209,0.10000000149011612,715.7117899999994,71.57117899999994,2.7551854355378103,0.15053357020102573,0.014775641924230221,0.1868843105332605,,3.762717680671695,True,435.0148771659997
VCB,BAD,UCB_WITHOUT_COST_NETWORK,env_v3_ucb_vae_ablation_bad_v1,UCB-VAE without Cost Network,ucb,46,45,0.95,0.05,0.95,1.0,0.8,0.1,,5000,0.7,1.0,0.8,0.05,15,0.001,0.1,0.05,1.0,101115,,,16,0.0001,0.05,1239.6365599999954,123.96365599999955,9.37933187155695,17.78706883630201,0.4846189120574194,23.961368372652505,5,0.00801068090787717,False,False,False,2188,0,0.0,101.32343999999993,0.5335946348973195,0.1876839127277182,0.09715573338918104,0.10000000149011612,18.668610000000854,1.8668610000000851,0.932319700793216,6.261459447298585,-0.13874579903641854,7.399333253439274,0,0.09437751004016064,False,False,False,450,0,0.0,37.36138999999999,0.15225337358480992,0.22930628240826617,0.09843159025088198,0.10000000149011612,1220.9679499999945,122.09679499999946,8.447012170763735,0.623364711093838,0.007364485448874521,0.2004385208261424,,3.917648148432227,True,435.852708678
VCB,BAD,UCB_WITHOUT_COST_NETWORK,env_v3_ucb_vae_ablation_bad_v1,UCB-VAE without Cost Network,ucb,47,45,0.95,0.05,0.95,1.0,0.8,0.1,,5000,0.7,1.0,0.8,0.05,15,0.001,0.1,0.05,1.0,101115,,,16,0.0001,0.05,1103.9083399999968,110.39083399999967,8.621664065532485,16.18470455050239,0.4727921214756927,32.465097672699905,6,0.0053404539385847796,False,False,False,2142,0,0.0,159.81165999999993,0.4739787457504121,0.18616483045860455,0.09657571647718181,0.10000000149011612,120.37933999999927,12.037933999999929,5.868633478189977,15.169288678218118,0.32309770231184165,17.435348647999213,0,0.03614457831325301,False,False,False,293,0,0.0,41.16066000000003,0.5421626355335064,0.2854953910631827,0.09761948360442332,0.10000000149011612,983.5289999999975,98.35289999999975,2.753030587342508,0.14969441916385107,0.00764473434199901,0.17999041224348133,,3.8653640715733806,True,440.25336286300035
VCB,BAD,UCB_WITHOUT_COST_NETWORK,env_v3_ucb_vae_ablation_bad_v1,UCB-VAE without Cost Network,ucb,48,45,0.95,0.05,0.95,1.0,0.8,0.1,,5000,0.7,1.0,0.8,0.05,15,0.001,0.1,0.05,1.0,101115,,,16,0.0001,0.05,2015.3552400000003,201.53552400000004,13.056701599377462,21.700721569093474,0.586624246194245,26.85708289973194,10,0.01602136181575434,False,False,False,2117,0,0.0,90.12476000000002,0.6887948376835805,0.22994847907707539,0.09722020648633575,0.10000000149011612,-31.669459999999958,-3.1669459999999954,-1.6016498370787446,1.4857557402721155,-2.4347044425396325,3.3827383404160374,0,0.3614457831325301,False,False,False,273,0,0.0,22.999460000000003,0.044301765834899885,0.31818363591130955,0.09830348359712635,0.10000000149011612,2047.0247000000004,204.70247000000003,14.658351436456206,3.0213286887338775,0.007848133109377,0.20368972687885678,,3.8713345971582753,True,433.20565477699984
VCB,BAD,UCB_WITHOUT_COST_NETWORK,env_v3_ucb_vae_ablation_bad_v1,UCB-VAE without Cost Network,ucb,49,45,0.95,0.05,0.95,1.0,0.8,0.1,,5000,0.7,1.0,0.8,0.05,15,0.001,0.1,0.05,1.0,101115,,,16,0.0001,0.05,659.8374500000014,65.98374500000014,5.795812086674346,18.022003978311403,0.2943001928416641,28.013249687742615,6,0.022696929238985315,False,False,False,1917,0,0.0,141.37254999999988,0.49460842089611334,0.1972810159796707,0.09682255526286053,0.10000000149011612,123.07743999999957,12.307743999999957,5.996471125210667,10.850404485042201,0.4113885967195777,10.1622817795594,0,0.16265060240963855,False,False,False,313,0,0.0,36.24256000000002,0.2450812773961471,0.2052991738370863,0.098370782096604,0.10000000149011612,536.7600100000018,53.676001000000184,-0.2006590385363216,-0.11708840387791364,0.00906756826957406,0.1932834231647952,,3.8331162755007986,True,432.96397784500004
VCB,BAD,UCB_WITHOUT_COST_NETWORK,env_v3_ucb_vae_ablation_bad_v1,UCB-VAE without Cost Network,ucb,50,45,0.95,0.05,0.95,1.0,0.8,0.1,,5000,0.7,1.0,0.8,0.05,15,0.001,0.1,0.05,1.0,101115,,,16,0.0001,0.05,699.6711899999975,69.96711899999976,6.075144737335414,13.877628791497973,0.35377025915751903,31.687519770544558,2,0.0,False,False,False,2247,0,0.0,144.46880999999996,0.32495458265684035,0.18700993642323696,0.09703478771856641,0.10000000149011612,32.629540000000816,3.262954000000082,1.6239837246377675,11.431581931065631,0.02445019850971276,11.160343388433889,0,0.004016064257028112,False,False,False,493,0,0.0,53.87046000000001,0.39966023905223896,0.27863083411771133,0.098737926996616,0.10000000149011612,667.0416499999967,66.70416499999968,4.451161012697646,0.3293200606478063,0.00790240144526678,0.18465148498272074,,3.8728848419819664,True,433.8295705520004
VCB,BAD,UCB_WITHOUT_COST_NETWORK,env_v3_ucb_vae_ablation_bad_v1,UCB-VAE without Cost Network,ucb,51,45,0.95,0.05,0.95,1.0,0.8,0.1,,5000,0.7,1.0,0.8,0.05,15,0.001,0.1,0.05,1.0,101115,,,16,0.0001,0.05,1372.11803,137.211803,10.080491424848592,15.833972133310445,0.56465515083106,26.526827658000148,5,0.010680907877169559,False,False,False,2057,0,0.0,137.45196999999993,0.45859512632259025,0.1674390314656679,0.09738628644186176,0.10000000149011612,-3.960519999999974,-0.3960519999999974,-0.19890249229729262,9.40741367931478,-0.1868332042893586,16.809589778028762,0,0.20682730923694778,False,False,False,299,0,0.0,47.11052000000004,0.1903391257642865,0.2180302657157063,0.09837725126654094,0.10000000149011612,1376.0785500000002,137.607855,10.279393917145885,0.7514883551204186,0.005674126309904638,0.1812586784362793,,3.6443689656806018,True,433.93972567200035
VCB,BAD,UCB_WITHOUT_COST_NETWORK,env_v3_ucb_vae_ablation_bad_v1,UCB-VAE without Cost Network,ucb,52,45,0.95,0.05,0.95,1.0,0.8,0.1,,5000,0.7,1.0,0.8,0.05,15,0.001,0.1,0.05,1.0,101115,,,16,0.0001,0.05,741.82476,74.182476,6.3644783721506615,15.910451974939448,0.34524705571537084,33.15414011230001,11,0.003115264797507788,False,False,False,2196,0,0.0,175.73524,0.34579507923827113,0.20228654924741998,0.09548325864601546,0.10000000149011612,-27.652029999999968,-2.7652029999999965,-1.3970415865404706,14.166286994762093,-0.1703112951742237,23.0890154409024,0,0.002008032128514056,False,False,False,490,0,0.0,94.24203000000003,0.3793885992288836,0.3988890600611407,0.09818278209691546,0.10000000149011612,769.4767899999999,76.947679,7.761519958691132,0.5155583508895946,0.010573479392329364,0.18697719491761305,,3.934065791671839,True,435.5698484180002
VCB,BAD,UCB_WITHOUT_COST_NETWORK,env_v3_ucb_vae_ablation_bad_v1,UCB-VAE without Cost Network,ucb,53,45,0.95,0.05,0.95,1.0,0.8,0.1,,5000,0.7,1.0,0.8,0.05,15,0.001,0.1,0.05,1.0,101115,,,16,0.0001,0.05,470.3042300000004,47.03042300000004,4.379098353351285,17.311667066268324,0.2208922045271308,30.659892252226033,11,0.13351134846461948,False,False,False,1127,0,0.0,34.515769999999975,0.40922425469046697,0.19032000320908438,0.09411608982796123,0.10000000149011612,112.12253999999962,11.212253999999962,5.4764652199372765,21.04643447109479,0.2657445858953127,31.707887885144746,1,0.16666666666666666,False,False,False,152,0,0.0,11.137459999999999,0.638387466353582,0.2896900595610879,0.09720921510706074,0.10000000149011612,358.1816900000008,35.81816900000008,-1.0973668665859915,-0.0448523813681819,0.007565859018574917,0.17571910897205617,,4.034241228000924,True,432.41515974899994
VCB,BAD,UCB_WITHOUT_COST_NETWORK,env_v3_ucb_vae_ablation_bad_v1,UCB-VAE without Cost Network,ucb,54,45,0.95,0.05,0.95,1.0,0.8,0.1,,5000,0.7,1.0,0.8,0.05,15,0.001,0.1,0.05,1.0,101115,,,16,0.0001,0.05,825.6702299999984,82.56702299999984,6.921937811497836,16.991435158792406,0.3643820195423791,29.037300657277942,5,0.0013351134846461949,False,False,False,2238,0,0.0,156.6797699999997,0.5020454155787428,0.16766207712289222,0.09741551130491587,0.10000000149011612,-153.02335000000028,-15.302335000000028,-7.994906360930864,14.568692902191662,-0.6409157105335581,25.751880187200204,0,0.0,False,False,False,498,0,0.0,77.90335000000009,0.48753245924611577,0.2607914565437769,0.0987628329478615,0.10000000149011612,978.6935799999986,97.86935799999986,14.9168441724287,1.0052977300759371,0.006831643651067107,0.1854090470692207,,3.9072942050454738,True,433.03925871199954
VCB,BAD,UCB_WITHOUT_COST_NETWORK,env_v3_ucb_vae_ablation_bad_v1,UCB-VAE without Cost Network,ucb,55,45,0.95,0.05,0.95,1.0,0.8,0.1,,5000,0.7,1.0,0.8,0.05,15,0.001,0.1,0.05,1.0,101115,,,16,0.0001,0.05,607.3542800000012,60.73542800000011,5.418534851504142,10.78731162073623,0.36177792804967374,16.056064237874736,1,0.006675567423230975,False,False,False,2091,0,0.0,80.5157199999999,0.2214892954138894,0.22140010891952247,0.09494718049418922,0.10000000149011612,190.31750999999804,19.0317509999998,9.134314957356548,15.075316312414003,0.5275685412884784,19.212862677997375,0,0.028112449799196786,False,False,False,401,0,0.0,34.402489999999986,0.4285280214469365,0.2892927793434346,0.09731035313850209,0.10000000149011612,417.0367700000031,41.70367700000031,-3.7157801058524056,-0.16579061323880467,0.00854120564202916,0.1888403150542029,,3.954321640518818,True,432.3020940589995
VCB,BAD,UCB_WITHOUT_COST_NETWORK,env_v3_ucb_vae_ablation_bad_v1,UCB-VAE without Cost Network,ucb,56,45,0.95,0.05,0.95,1.0,0.8,0.1,,5000,0.7,1.0,0.8,0.05,15,0.001,0.1,0.05,1.0,101115,,,16,0.0001,0.05,279.2946800000029,27.92946800000029,2.776485433429432,11.35406569631666,0.12393168418952868,20.551724204497447,0,0.0008900756564307966,False,False,False,2228,0,0.0,133.4053199999997,0.3120412735328651,0.15564499810689494,0.09687492892700149,0.10000000149011612,23.14096000000154,2.3140960000001543,1.1544039182868282,9.297915963810263,-0.04414930444537165,8.73526664502266,0,0.0,False,False,False,498,0,0.0,61.939040000000006,0.3060508137646008,0.2032026011182601,0.09817205818710688,0.10000000149011612,256.1537200000014,25.615372000000136,1.6220815151426038,0.16808098863490034,0.004717850072825339,0.18959240892837786,,3.8389080063014536,True,435.13670315200034
VCB,BAD,UCB_WITHOUT_COST_NETWORK,env_v3_ucb_vae_ablation_bad_v1,UCB-VAE without Cost Network,ucb,57,45,0.95,0.05,0.95,1.0,0.8,0.1,,5000,0.7,1.0,0.8,0.05,15,0.001,0.1,0.05,1.0,101115,,,16,0.0001,0.05,957.466890000002,95.7466890000002,7.753823785370795,12.50014705158588,0.5049837536789628,18.529872079712337,6,0.030262572318647086,False,False,False,2116,0,0.0,119.60310999999976,0.20092201799029744,0.2529056216770403,0.09818540872555265,0.10000000149011612,13.545130000000086,1.3545130000000085,0.6773042727855172,15.550457759623349,-0.007120913895205665,19.328860458049483,0,0.08835341365461848,False,False,False,326,0,0.0,33.64486999999999,0.5066171291317769,0.23567633163258733,0.09893377736488282,0.10000000149011612,943.9217600000019,94.39217600000019,7.076519512585278,0.5121046675741684,0.0133442880867486,0.19682894020244993,,4.0347947933326545,True,434.7737283669994
VCB,BAD,UCB_WITHOUT_COST_NETWORK,env_v3_ucb_vae_ablation_bad_v1,UCB-VAE without Cost Network,ucb,58,45,0.95,0.05,0.95,1.0,0.8,0.1,,5000,0.7,1.0,0.8,0.05,15,0.001,0.1,0.05,1.0,101115,,,16,0.0001,0.05,377.77547999999797,37.7775479999998,3.6274626253548936,15.341906601960146,0.18061561413245822,21.450826075276645,9,0.07254116599910992,False,False,False,1750,0,0.0,125.24451999999985,0.3625593361129388,0.15387185171584739,0.09656703569772401,0.10000000149011612,95.01380999999924,9.501380999999924,4.6592174039106204,21.54750798783556,0.2279907836416427,27.395513293167507,1,0.002008032128514056,False,False,False,495,0,0.0,68.90619000000007,0.8376658655721124,0.22597167033507642,0.09814686657994844,0.10000000149011612,282.76166999999873,28.276166999999873,-1.0317547785557268,-0.047375169509184495,0.0063003358974791255,0.19039469813478405,,3.8159952189810045,True,435.8078979139991
VCB,BAD,UCB_WITHOUT_COST_NETWORK,env_v3_ucb_vae_ablation_bad_v1,UCB-VAE without Cost Network,ucb,59,45,0.95,0.05,0.95,1.0,0.8,0.1,,5000,0.7,1.0,0.8,0.05,15,0.001,0.1,0.05,1.0,101115,,,16,0.0001,0.05,226.13103000000183,22.613103000000184,2.292588721837463,9.020535560069643,0.07679651177314807,19.221568737942444,0,0.518469069870939,False,False,False,952,0,0.0,86.9789699999999,0.15430694951723578,0.17898799518797204,0.09760497140541728,0.10000000149011612,100.33910999999853,10.033910999999852,4.9142734144636435,13.099277698532571,0.28217945825155544,15.496286597381378,0,0.004016064257028112,False,False,False,485,0,0.0,49.11089000000003,0.32818347716509405,0.2090534717442999,0.09859376684968252,0.10000000149011612,125.7919200000033,12.579192000000331,-2.6216846926261805,-0.20538294647840738,0.006255736677687512,0.17866600309980327,,3.82532324582915,True,438.68600328700086
VCB,BAD,UCB_WITHOUT_COST_NETWORK,env_v3_ucb_vae_ablation_bad_v1,UCB-VAE without Cost Network,ucb,60,45,0.95,0.05,0.95,1.0,0.8,0.1,,5000,0.7,1.0,0.8,0.05,15,0.001,0.1,0.05,1.0,101115,,,16,0.0001,0.05,803.0637399999987,80.30637399999986,6.773913007012955,16.38622885609403,0.3633463374083928,27.461509832383946,4,0.03115264797507788,False,False,False,1598,0,0.0,148.71625999999998,0.5021525700011585,0.1968662042948316,0.09446056680271153,0.10000000149011612,4.814900000000534,0.4814900000000535,0.2412826416070768,19.457633425589606,0.006815585052013391,28.836369813585762,0,0.004016064257028112,False,False,False,472,0,0.0,98.95509999999994,0.6957295801436838,0.2668131089892732,0.09764869702220311,0.10000000149011612,798.2488399999982,79.82488399999981,6.532630365405878,0.3565307523563794,0.007843739825374889,0.18640499145820222,,3.8327106594299476,True,438.8600175829997
