ticker,period,model_key,model,strategy,seed,episodes,gamma,beta_0,beta_decay,beta_min,epsilon_init,epsilon_decay,epsilon_min,vae_latent_dim,vae_lr,vae_beta_kl,train_profit,train_roi,train_arr,train_volatility,train_sharpe,train_max_drawdown,train_violations,test_profit,test_roi,test_arr,test_volatility,test_sharpe,test_max_drawdown,test_violations,gap_profit,gap_roi,gap_arr,gap_sharpe,q_loss_mean,vae_loss_mean,cost_loss_mean,novelty_mean,finite,elapsed_seconds
VCB,GOOD,UNCERTAINTY_AWARE_UCB_009,Uncertainty-Aware UCB-VAE — vae_019 + ucb_009,ucb,41,45,0.95,0.03,0.9,0.01,,,,16,0.0001,0.05,565.3822799999996,56.538227999999954,7.775078223496235,21.416017485254844,0.3663342837990119,37.06713692164665,11,789.2778600000004,78.92778600000003,21.439692836222335,26.8675292906031,0.7860703097369292,39.0568650124273,9,-223.8955800000008,-22.389558000000072,-13.664614612726101,-0.41973602593791726,6.390990199702275,0.18876200236123183,0.03460505885425313,5.179084886031179,True,340.11537765800006
VCB,GOOD,UNCERTAINTY_AWARE_UCB_009,Uncertainty-Aware UCB-VAE — vae_019 + ucb_009,ucb,42,45,0.95,0.03,0.9,0.01,,,,16,0.0001,0.05,-95.08384999999907,-9.508384999999906,-1.6555488614959368,11.071256925422011,-0.27741014596635655,30.479749205488883,4,345.9773800000007,34.59773800000007,10.42855556900184,17.290744819901644,0.5471383046260295,36.91115530870439,5,-441.0612299999998,-44.106122999999975,-12.084104430497778,-0.8245484505923861,1.5636244129417012,0.17566570536843662,0.043307227365158754,4.880430133562946,True,335.848821424
VCB,GOOD,UNCERTAINTY_AWARE_UCB_009,Uncertainty-Aware UCB-VAE — vae_019 + ucb_009,ucb,43,45,0.95,0.03,0.9,0.01,,,,16,0.0001,0.05,300.886850000001,30.088685000000098,4.493150926534506,10.10517900994611,0.29135713759016346,23.071598668936016,0,611.2579799999994,61.12579799999994,17.26421210350624,21.945581285120284,0.7472767802006811,35.89616636829397,7,-310.3711299999984,-31.03711299999984,-12.771061176971733,-0.45591964261051765,2.4984240574279317,0.18666159253695916,0.0495403448312447,5.132717904258282,True,337.325431017
VCB,GOOD,UNCERTAINTY_AWARE_UCB_009,Uncertainty-Aware UCB-VAE — vae_019 + ucb_009,ucb,44,45,0.95,0.03,0.9,0.01,,,,16,0.0001,0.05,1031.9187899999993,103.19187899999993,12.576266195379704,24.4332216015404,0.529402592373694,30.747759636540284,13,691.2057500000001,69.120575,19.17554842206599,25.559734835587772,0.738827289835634,36.08689404180968,8,340.7130399999992,34.07130399999993,-6.599282226686286,-0.20942469746193992,8.425021245744492,0.19830210003359564,0.05570291362317472,5.157251891332392,True,338.2960819379998
VCB,GOOD,UNCERTAINTY_AWARE_UCB_009,Uncertainty-Aware UCB-VAE — vae_019 + ucb_009,ucb,45,45,0.95,0.03,0.9,0.01,,,,16,0.0001,0.05,592.9148100000004,59.29148100000005,8.089509185727328,22.091995961780572,0.37495534991515256,37.10736219205543,12,839.2854100000002,83.92854100000002,22.562465631700857,26.96712478187109,0.8184773710412486,39.26625229718028,9,-246.37059999999974,-24.637059999999977,-14.472956445973528,-0.44352202112609607,5.854471388776545,0.18496429632449973,0.04443892885063743,5.076932655859962,True,336.0508141130001
VCB,GOOD,UNCERTAINTY_AWARE_UCB_009,Uncertainty-Aware UCB-VAE — vae_019 + ucb_009,ucb,46,45,0.95,0.03,0.9,0.01,,,,16,0.0001,0.05,47.771530000000894,4.777153000000089,0.7827638264851,14.570711976656861,-0.01045384646695329,32.46750353092483,3,292.24145999999973,29.224145999999973,8.936627634531424,15.40214982579422,0.5047508502749795,20.433149304747317,0,-244.46992999999884,-24.446992999999885,-8.153863808046324,-0.5152046967419327,1.0618920723485106,0.17969291908987636,0.06305619614391492,5.183782700326733,True,339.0291190639996
VCB,GOOD,UNCERTAINTY_AWARE_UCB_009,Uncertainty-Aware UCB-VAE — vae_019 + ucb_009,ucb,47,45,0.95,0.03,0.9,0.01,,,,16,0.0001,0.05,602.9054400000014,60.29054400000013,8.202486805754727,11.00389933019149,0.5958359671541902,12.411074002561794,1,510.7857799999995,51.07857799999995,14.770387825151609,16.53440720210642,0.7981482408290479,24.32891057353742,1,92.11966000000189,9.211966000000182,-6.567901019396881,-0.2023122736748577,2.1768747720177526,0.19677968261570766,0.056486145606071785,5.157008658121818,True,336.2840134019998
VCB,GOOD,UNCERTAINTY_AWARE_UCB_009,Uncertainty-Aware UCB-VAE — vae_019 + ucb_009,ucb,48,45,0.95,0.03,0.9,0.01,,,,16,0.0001,0.05,2007.1649899999984,200.71649899999983,20.196932473898798,26.801055719806055,0.7517353977863865,28.412707501266652,13,673.5208100000004,67.35208100000004,18.758020053522962,19.924544662594602,0.865234925736963,22.22345050424266,2,1333.644179999998,133.36441799999977,1.4389124203758357,-0.1134995279505765,11.884422351638959,0.20883872478172696,0.05087590210846272,4.710207447755498,True,334.92451592600037
VCB,GOOD,UNCERTAINTY_AWARE_UCB_009,Uncertainty-Aware UCB-VAE — vae_019 + ucb_009,ucb,49,45,0.95,0.03,0.9,0.01,,,,16,0.0001,0.05,365.0292400000012,36.50292400000012,5.336850435583318,19.101132795582906,0.2653712455936861,32.37127129612782,6,21.37182999999993,2.137182999999993,0.7085142349526397,3.1652091481017086,-0.39217014690481017,5.996194105686244,0,343.6574100000013,34.36574100000013,4.628336200630678,0.6575413924984963,3.8796947837456375,0.1955221726976592,0.0518951173165235,4.8850683383715685,True,335.3911163969997
VCB,GOOD,UNCERTAINTY_AWARE_UCB_009,Uncertainty-Aware UCB-VAE — vae_019 + ucb_009,ucb,50,45,0.95,0.03,0.9,0.01,,,,16,0.0001,0.05,-7.41593999999975,-0.741593999999975,-0.12429440558650029,3.9545186652588313,-0.5176691124922639,11.778393951773669,0,2.1124899999999798,0.211248999999998,0.0704794076638704,0.11604776075681104,-16.62433139779069,0.006995731117263429,0,-9.52842999999973,-0.952842999999973,-0.1947738132503707,16.106662285298427,0.2231223307165675,0.18046486418822716,0.04822465342244711,4.999724302462498,True,335.319838333
VCB,GOOD,UNCERTAINTY_AWARE_UCB_009,Uncertainty-Aware UCB-VAE — vae_019 + ucb_009,ucb,51,45,0.95,0.03,0.9,0.01,,,,16,0.0001,0.05,550.6824499999996,55.06824499999996,7.605310471987647,17.82404565881638,0.3914297073137281,21.30400272547411,4,9.810040000000072,0.9810040000000072,0.3264600559472308,12.221726623676282,-0.07518600847134753,29.58556468074582,4,540.8724099999995,54.087240999999956,7.278850416040417,0.46661571578507566,2.0207348413133768,0.19232240000675466,0.035122388402192756,4.672976984161473,True,336.70518263199983
VCB,GOOD,UNCERTAINTY_AWARE_UCB_009,Uncertainty-Aware UCB-VAE — vae_019 + ucb_009,ucb,52,45,0.95,0.03,0.9,0.01,,,,16,0.0001,0.05,1301.8963900000044,130.18963900000045,14.947482457997129,21.39082323650376,0.6704095912841705,30.061317987503845,10,-93.19283000000007,-9.319283000000008,-3.213304674584938,12.494551809488058,-0.35898519800130074,31.781222654183317,5,1395.0892200000044,139.50892200000047,18.160787132582065,1.0293947892854713,7.229241888390647,0.18762860935309839,0.04893291347242635,5.005012942813121,True,333.79994064599987
VCB,GOOD,UNCERTAINTY_AWARE_UCB_009,Uncertainty-Aware UCB-VAE — vae_019 + ucb_009,ucb,53,45,0.95,0.03,0.9,0.01,,,,16,0.0001,0.05,717.5147099999999,71.751471,9.458269948236818,21.769669189052667,0.43557478844785613,37.325496806904084,12,607.2831100000001,60.72831100000001,17.167550627309257,26.56976523368273,0.6565199968596533,39.1377510477232,9,110.23159999999984,11.023159999999983,-7.709280679072439,-0.2209452084117972,6.333603940238471,0.18920615983420405,0.05085583072926464,5.321507372408817,True,334.5498341049997
VCB,GOOD,UNCERTAINTY_AWARE_UCB_009,Uncertainty-Aware UCB-VAE — vae_019 + ucb_009,ucb,54,45,0.95,0.03,0.9,0.01,,,,16,0.0001,0.05,-62.312559999999735,-6.2312559999999735,-1.0692504678857295,5.011898008579295,-0.5904145046854022,15.064296726063198,0,323.9182999999989,32.391829999999885,9.82099466905475,9.117808118449659,0.8573796260810613,7.697667762243163,0,-386.23085999999864,-38.62308599999986,-10.890245136940479,-1.4477941307664635,0.33594244844150833,0.1846549924077659,0.05100038422849672,4.964322835005229,True,335.361894744
VCB,GOOD,UNCERTAINTY_AWARE_UCB_009,Uncertainty-Aware UCB-VAE — vae_019 + ucb_009,ucb,55,45,0.95,0.03,0.9,0.01,,,,16,0.0001,0.05,1226.4316299999991,122.64316299999992,14.309061388380151,23.92776848362077,0.5997393118802925,35.528816097297636,14,-43.95155999999997,-4.395155999999997,-1.4894166771965978,17.276865630716586,-0.116461106055703,24.254054266517088,1,1270.383189999999,127.03831899999992,15.798478065576749,0.7162004179359955,5.61364050871796,0.188420510908653,0.05259510626181446,5.090085889949559,True,335.27352967299976
VCB,GOOD,UNCERTAINTY_AWARE_UCB_009,Uncertainty-Aware UCB-VAE — vae_019 + ucb_009,ucb,56,45,0.95,0.03,0.9,0.01,,,,16,0.0001,0.05,99.2382299999988,9.92382299999988,1.593487399059379,2.3700937715069172,-0.1591121263112883,4.8491608266289195,0,-109.12262999999996,-10.912262999999996,-3.784313094658953,5.621125220291844,-1.0162441085668263,13.110847732176229,1,208.36085999999875,20.836085999999874,5.377800493718333,0.8571319822555381,0.25808203019206066,0.2096531234938523,0.057694638192910576,4.955545949347937,True,335.58571807299995
VCB,GOOD,UNCERTAINTY_AWARE_UCB_009,Uncertainty-Aware UCB-VAE — vae_019 + ucb_009,ucb,57,45,0.95,0.03,0.9,0.01,,,,16,0.0001,0.05,482.6707000000001,48.26707000000001,6.80194847141169,17.75888217338987,0.34975113698506316,28.674765924063333,6,278.01836000000026,27.801836000000023,8.53484018785009,22.784389579426335,0.3869082861079192,25.79675358358188,4,204.65233999999987,20.465233999999988,-1.7328917164384006,-0.03715714912285606,2.7482530702250423,0.18281251305136187,0.04973492197178561,5.083709872639386,True,335.4252966469994
VCB,GOOD,UNCERTAINTY_AWARE_UCB_009,Uncertainty-Aware UCB-VAE — vae_019 + ucb_009,ucb,58,45,0.95,0.03,0.9,0.01,,,,16,0.0001,0.05,380.8502699999997,38.08502699999997,5.539864742320733,21.225150237214475,0.26796151543539176,32.12632443528014,8,692.8064900000002,69.28064900000001,19.213196911132012,25.70647448460824,0.7372554799382078,35.79768640029728,6,-311.9562200000005,-31.195622000000043,-13.67333216881128,-0.4692939645028161,4.8217438349228665,0.19616042026158037,0.04328988062795894,5.189357642105977,True,336.1606087029995
VCB,GOOD,UNCERTAINTY_AWARE_UCB_009,Uncertainty-Aware UCB-VAE — vae_019 + ucb_009,ucb,59,45,0.95,0.03,0.9,0.01,,,,16,0.0001,0.05,289.72596000000044,28.972596000000046,4.342821394085905,12.213768570086488,0.24840164827320188,29.401058799032032,3,567.1348199999995,56.71348199999995,16.182170692269082,20.748089976594084,0.7329171367741057,20.387383845712513,2,-277.4088599999991,-27.740885999999904,-11.839349298183176,-0.48451548850090387,1.6412276554317538,0.19094022368562633,0.0496923145452707,4.873565516227449,True,337.3933624749998
VCB,GOOD,UNCERTAINTY_AWARE_UCB_009,Uncertainty-Aware UCB-VAE — vae_019 + ucb_009,ucb,60,45,0.95,0.03,0.9,0.01,,,,16,0.0001,0.05,1241.9961399999997,124.19961399999997,14.44219446613011,22.113067080070817,0.6352990688708041,29.64259206290121,8,752.6427800000001,75.26427800000002,20.603823418493093,25.54180128142057,0.7859647585704806,33.69645633739246,6,489.3533599999996,48.93533599999995,-6.1616289523629835,-0.15066568969967653,6.65097214878015,0.19667351194496813,0.04832800183894819,5.039300318901036,True,334.78274235000026
VCB,GOOD,EPSILON_GREEDY,Epsilon-Greedy — Battle strategy,epsilon,41,45,0.95,,,,1.0,0.95,0.05,,,,550.62987,55.062987,7.604700826147615,21.644566366513825,0.3573408524784584,37.03968126107354,11,789.2778600000004,78.92778600000003,21.439692836222335,26.8675292906031,0.7860703097369292,39.0568650124273,9,-238.6479900000004,-23.864799000000026,-13.834992010074721,-0.4287294572584707,6.229158183201044,,,,True,98.97658647299977
VCB,GOOD,EPSILON_GREEDY,Epsilon-Greedy — Battle strategy,epsilon,42,45,0.95,,,,1.0,0.95,0.05,,,,27.254260000001068,2.7254260000001067,0.45029630025168466,11.704747073858544,-0.07368636265439445,29.79841215707097,3,437.65674000000035,43.76567400000004,12.884885932440216,20.11983284920838,0.606253023816224,35.23022211609959,5,-410.4024799999993,-41.040247999999934,-12.434589632188532,-0.6799393864706185,1.67187369801449,,,,True,98.92067484500058
VCB,GOOD,EPSILON_GREEDY,Epsilon-Greedy — Battle strategy,epsilon,43,45,0.95,,,,1.0,0.95,0.05,,,,446.61865000000057,44.661865000000056,6.363573210278584,10.442249041434557,0.4566502686964157,22.566213251763507,3,773.2000100000007,77.32000100000008,21.074276398386658,15.782263287200163,1.1682765346314241,17.143212740732572,0,-326.58136000000013,-32.65813600000002,-14.710703188108074,-0.7116262659350084,2.49560155040688,,,,True,99.0104036949997
VCB,GOOD,EPSILON_GREEDY,Epsilon-Greedy — Battle strategy,epsilon,44,45,0.95,,,,1.0,0.95,0.05,,,,786.69641,78.669641,10.182888781632427,21.465701536721106,0.4698528193542725,29.86048572714875,9,688.7157400000001,68.87157400000001,19.116937601810346,25.337316873898946,0.7410874490193906,35.52362382078224,7,97.98066999999992,9.798066999999989,-8.93404882017792,-0.27123462966511813,7.132841952752184,,,,True,98.3535163939996
VCB,GOOD,EPSILON_GREEDY,Epsilon-Greedy — Battle strategy,epsilon,45,45,0.95,,,,1.0,0.95,0.05,,,,814.2325399999997,81.42325399999997,10.464815385661485,26.809919664954148,0.433752480943097,37.24904853461125,17,870.2001700000001,87.02001700000001,23.246427073797804,27.197016957244553,0.8343597157362284,39.25050983144299,9,-55.96763000000033,-5.596763000000038,-12.78161168813632,-0.4006072347931314,6.967303486941037,,,,True,98.66769830300018
VCB,GOOD,EPSILON_GREEDY,Epsilon-Greedy — Battle strategy,epsilon,46,45,0.95,,,,1.0,0.95,0.05,,,,155.69927000000325,15.569927000000325,2.4472942973843503,13.039534709129008,0.09862873540306089,22.21027609217001,1,207.2221799999993,20.72221799999993,6.489309720774683,11.21143521153874,0.440438193550618,8.904372276344297,0,-51.522909999996045,-5.152290999999606,-4.042015423390333,-0.3418094581475571,1.957440371212929,,,,True,97.90737855899988
VCB,GOOD,EPSILON_GREEDY,Epsilon-Greedy — Battle strategy,epsilon,47,45,0.95,,,,1.0,0.95,0.05,,,,603.3766199999986,60.33766199999986,8.207800579939306,11.106261176838366,0.5918228032894127,12.02366747560321,0,384.5093900000006,38.45093900000006,11.474100276208631,13.696754246448117,0.7186909418160508,23.388140838030782,2,218.86722999999802,21.886722999999797,-3.266299696269325,-0.12686813852663803,3.36758069931357,,,,True,98.43345418399986
VCB,GOOD,EPSILON_GREEDY,Epsilon-Greedy — Battle strategy,epsilon,48,45,0.95,,,,1.0,0.95,0.05,,,,2204.1971799999988,220.41971799999988,21.47827179916193,26.556319128732543,0.7965009383316006,26.787027203169256,12,721.6064900000001,72.160649,19.88654184193914,19.394073889946604,0.9325267095253819,18.618952326550133,2,1482.5906899999986,148.25906899999987,1.591729957222789,-0.13602577119378123,12.457772411157688,,,,True,98.25491593999959
VCB,GOOD,EPSILON_GREEDY,Epsilon-Greedy — Battle strategy,epsilon,49,45,0.95,,,,1.0,0.95,0.05,,,,900.2051600000002,90.02051600000001,11.322681700652915,21.299532853129563,0.5205841189430865,33.47470379619028,9,8.002270000000067,0.8002270000000067,0.26646008855888415,3.0806569720213606,-0.5471094332729262,5.996863343010901,0,892.2028900000001,89.22028900000001,11.056221612094031,1.0676935522160127,4.430597559899023,,,,True,98.09627201999956
VCB,GOOD,EPSILON_GREEDY,Epsilon-Greedy — Battle strategy,epsilon,50,45,0.95,,,,1.0,0.95,0.05,,,,220.41318999999862,22.041318999999863,3.384180805815573,8.026655690185166,0.20925917702172436,23.92016612914231,1,5.314059999999927,0.5314059999999927,0.17710558878107907,0.17938014351346152,-10.158496900027039,0.009326587274807473,0,215.0991299999987,21.50991299999987,3.207075217034494,10.367756077048764,0.7403814610542246,,,,True,97.85808038799951
VCB,GOOD,EPSILON_GREEDY,Epsilon-Greedy — Battle strategy,epsilon,51,45,0.95,,,,1.0,0.95,0.05,,,,414.05134000000044,41.40513400000005,5.959676804821679,17.031248571450732,0.3102523323289619,21.2094335387141,2,-30.868260000000078,-3.086826000000008,-1.0413690730668335,1.3366995732730376,-2.2755396469719282,3.086826000000008,0,444.9196000000005,44.491960000000056,7.001045877888512,2.58579197930089,2.0700353325568828,,,,True,97.72045044100014
VCB,GOOD,EPSILON_GREEDY,Epsilon-Greedy — Battle strategy,epsilon,52,45,0.95,,,,1.0,0.95,0.05,,,,1089.0075400000014,108.90075400000015,13.098669706583577,19.780643375133216,0.6253438873887373,24.667627253405556,8,11.872819999999365,1.1872819999999364,0.39483647821001444,12.949578912131052,-0.058273845821715284,31.34386198818686,5,1077.134720000002,107.71347200000021,12.703833228373561,0.6836177332104525,6.604615699417061,,,,True,97.99857190900093
VCB,GOOD,EPSILON_GREEDY,Epsilon-Greedy — Battle strategy,epsilon,53,45,0.95,,,,1.0,0.95,0.05,,,,2031.0927599999995,203.10927599999994,20.356206105485075,30.006355676737474,0.7062296396030859,36.78619225991994,23,607.2831100000001,60.72831100000001,17.167550627309257,26.56976523368273,0.6565199968596533,39.1377510477232,9,1423.8096499999995,142.38096499999992,3.188655478175818,0.04970964274343259,7.377338394284663,,,,True,98.20225171099992
VCB,GOOD,EPSILON_GREEDY,Epsilon-Greedy — Battle strategy,epsilon,54,45,0.95,,,,1.0,0.95,0.05,,,,17.67819999999915,1.7678199999999151,0.2932265388417621,4.193143484682731,-0.38559532574452055,9.734894331139397,0,-27.19483999999943,-2.719483999999943,-0.9162951204032321,2.372793790487438,-1.220400643230813,5.890948872216225,0,44.87303999999858,4.487303999999858,1.2095216592449942,0.8348053174862924,0.52595825691328,,,,True,98.5634267229998
VCB,GOOD,EPSILON_GREEDY,Epsilon-Greedy — Battle strategy,epsilon,55,45,0.95,,,,1.0,0.95,0.05,,,,1184.3056700000006,118.43056700000008,13.944802916413558,23.76376763495082,0.588648511938243,33.73831720029561,12,24.22971000000007,2.4229710000000066,0.8025071037464304,17.062980512542374,0.015206497630576856,19.20502708502235,3,1160.0759600000006,116.00759600000008,13.142295812667127,0.5734420143076661,6.465480858680826,,,,True,98.41577252699972
VCB,GOOD,EPSILON_GREEDY,Epsilon-Greedy — Battle strategy,epsilon,56,45,0.95,,,,1.0,0.95,0.05,,,,60.8988499999989,6.0898849999998905,0.992648699624632,4.853813967653293,-0.1825612376447114,12.644139060434556,0,-109.09436000000073,-10.909436000000074,-3.783293747589711,8.360874553647813,-0.6603038873627184,22.069773672549857,0,169.99320999999964,16.999320999999966,4.775942447214343,0.47774264971800695,0.859754850068647,,,,True,98.21227191400067
VCB,GOOD,EPSILON_GREEDY,Epsilon-Greedy — Battle strategy,epsilon,57,45,0.95,,,,1.0,0.95,0.05,,,,544.5304200000005,54.45304200000005,7.533862806928782,18.423232431591842,0.38103729337440495,29.198944250456364,6,507.5291799999993,50.75291799999994,14.687731452165043,24.607515403775086,0.6009241265792092,31.911164007478,6,37.00124000000119,3.700124000000116,-7.153868645236261,-0.2198868332048043,2.8421427615987205,,,,True,98.02578045900009
VCB,GOOD,EPSILON_GREEDY,Epsilon-Greedy — Battle strategy,epsilon,58,45,0.95,,,,1.0,0.95,0.05,,,,355.1614199999999,35.51614199999999,5.2092327220832235,20.870687742826206,0.2537836948035435,32.049220192468624,8,692.8064900000002,69.28064900000001,19.213196911132012,25.70647448460824,0.7372554799382078,35.79768640029728,6,-337.64507000000026,-33.76450700000002,-14.003964189048789,-0.4834717851346643,4.61569635640071,,,,True,97.90920991800158
VCB,GOOD,EPSILON_GREEDY,Epsilon-Greedy — Battle strategy,epsilon,59,45,0.95,,,,1.0,0.95,0.05,,,,295.31186000000116,29.531186000000115,4.418194494655903,12.319293681807496,0.25323676784949417,29.074940853366204,3,603.7496800000008,60.37496800000008,17.081490371727526,20.146798419961424,0.7871385328911836,18.29772481116519,2,-308.43781999999965,-30.843781999999965,-12.663295877071622,-0.5339017650416895,2.6856598193265704,,,,True,98.72994926000138
VCB,GOOD,EPSILON_GREEDY,Epsilon-Greedy — Battle strategy,epsilon,60,45,0.95,,,,1.0,0.95,0.05,,,,1155.2294599999996,115.52294599999995,13.689955901618456,20.117182847583496,0.6442947733016573,28.678093536188086,7,712.3375900000001,71.233759,19.67065903920904,25.74224754791935,0.7516082230092922,35.64240534120593,7,442.89186999999947,44.28918699999994,-5.980703137590583,-0.1073134497076349,7.376141461619625,,,,True,98.57046360200002
