ticker,period,model_key,step,time,portfolio_value
VCB,BAD,BUY_AND_HOLD,0,2021-12-31,1000.0
VCB,BAD,BUY_AND_HOLD,1,2022-01-04,1001.44518
VCB,BAD,BUY_AND_HOLD,2,2022-01-05,989.12518
VCB,BAD,BUY_AND_HOLD,3,2022-01-06,1002.76518
VCB,BAD,BUY_AND_HOLD,4,2022-01-07,1011.34518
VCB,BAD,BUY_AND_HOLD,5,2022-01-10,1007.6051800000001
VCB,BAD,BUY_AND_HOLD,6,2022-01-11,1006.50518
VCB,BAD,BUY_AND_HOLD,7,2022-01-12,1013.76518
VCB,BAD,BUY_AND_HOLD,8,2022-01-13,1037.3051799999998
VCB,BAD,BUY_AND_HOLD,9,2022-01-14,1055.7851799999999
VCB,BAD,BUY_AND_HOLD,10,2022-01-17,1090.54518
VCB,BAD,BUY_AND_HOLD,11,2022-01-18,1107.9251800000002
VCB,BAD,BUY_AND_HOLD,12,2022-01-19,1098.02518
VCB,BAD,BUY_AND_HOLD,13,2022-01-20,1101.54518
VCB,BAD,BUY_AND_HOLD,14,2022-01-21,1127.72518
VCB,BAD,BUY_AND_HOLD,15,2022-01-24,1174.58518
VCB,BAD,BUY_AND_HOLD,16,2022-01-25,1209.3451799999998
VCB,BAD,BUY_AND_HOLD,17,2022-01-26,1193.2851799999999
VCB,BAD,BUY_AND_HOLD,18,2022-01-27,1149.9451800000002
VCB,BAD,BUY_AND_HOLD,19,2022-01-28,1125.08518
VCB,BAD,BUY_AND_HOLD,20,2022-02-07,1167.10518
VCB,BAD,BUY_AND_HOLD,21,2022-02-08,1162.2651799999999
VCB,BAD,BUY_AND_HOLD,22,2022-02-09,1147.52518
VCB,BAD,BUY_AND_HOLD,23,2022-02-10,1153.68518
VCB,BAD,BUY_AND_HOLD,24,2022-02-11,1137.62518
VCB,BAD,BUY_AND_HOLD,25,2022-02-14,1088.12518
VCB,BAD,BUY_AND_HOLD,26,2022-02-15,1100.4451800000002
VCB,BAD,BUY_AND_HOLD,27,2022-02-16,1100.4451800000002
VCB,BAD,BUY_AND_HOLD,28,2022-02-17,1106.60518
VCB,BAD,BUY_AND_HOLD,29,2022-02-18,1102.8651800000002
VCB,BAD,BUY_AND_HOLD,30,2022-02-21,1105.2851799999999
VCB,BAD,BUY_AND_HOLD,31,2022-02-22,1098.02518
VCB,BAD,BUY_AND_HOLD,32,2022-02-23,1099.12518
VCB,BAD,BUY_AND_HOLD,33,2022-02-24,1079.3251800000003
VCB,BAD,BUY_AND_HOLD,34,2022-02-25,1076.9051800000002
VCB,BAD,BUY_AND_HOLD,35,2022-02-28,1069.4251800000002
VCB,BAD,BUY_AND_HOLD,36,2022-03-01,1075.58518
VCB,BAD,BUY_AND_HOLD,37,2022-03-02,1075.58518
VCB,BAD,BUY_AND_HOLD,38,2022-03-03,1081.74518
VCB,BAD,BUY_AND_HOLD,39,2022-03-04,1074.4851800000001
VCB,BAD,BUY_AND_HOLD,40,2022-03-07,1074.4851800000001
VCB,BAD,BUY_AND_HOLD,41,2022-03-08,1032.4651800000001
VCB,BAD,BUY_AND_HOLD,42,2022-03-09,1050.9451800000002
VCB,BAD,BUY_AND_HOLD,43,2022-03-10,1057.10518
VCB,BAD,BUY_AND_HOLD,44,2022-03-11,1060.8451799999998
VCB,BAD,BUY_AND_HOLD,45,2022-03-14,1065.68518
VCB,BAD,BUY_AND_HOLD,46,2022-03-15,1027.4051800000002
VCB,BAD,BUY_AND_HOLD,47,2022-03-16,1044.78518
VCB,BAD,BUY_AND_HOLD,48,2022-03-17,1050.9451800000002
VCB,BAD,BUY_AND_HOLD,49,2022-03-18,1065.68518
VCB,BAD,BUY_AND_HOLD,50,2022-03-21,1074.4851800000001
VCB,BAD,BUY_AND_HOLD,51,2022-03-22,1074.4851800000001
VCB,BAD,BUY_AND_HOLD,52,2022-03-23,1074.4851800000001
VCB,BAD,BUY_AND_HOLD,53,2022-03-24,1057.10518
VCB,BAD,BUY_AND_HOLD,54,2022-03-25,1044.78518
VCB,BAD,BUY_AND_HOLD,55,2022-03-28,1043.4651800000001
VCB,BAD,BUY_AND_HOLD,56,2022-03-29,1037.3051799999998
VCB,BAD,BUY_AND_HOLD,57,2022-03-30,1038.62518
VCB,BAD,BUY_AND_HOLD,58,2022-03-31,1039.72518
VCB,BAD,BUY_AND_HOLD,59,2022-04-01,1048.52518
VCB,BAD,BUY_AND_HOLD,60,2022-04-04,1045.88518
VCB,BAD,BUY_AND_HOLD,61,2022-04-05,1050.9451800000002
VCB,BAD,BUY_AND_HOLD,62,2022-04-06,1070.74518
VCB,BAD,BUY_AND_HOLD,63,2022-04-07,1050.9451800000002
VCB,BAD,BUY_AND_HOLD,64,2022-04-08,1050.9451800000002
VCB,BAD,BUY_AND_HOLD,65,2022-04-12,1043.4651800000001
VCB,BAD,BUY_AND_HOLD,66,2022-04-13,1043.4651800000001
VCB,BAD,BUY_AND_HOLD,67,2022-04-14,1026.08518
VCB,BAD,BUY_AND_HOLD,68,2022-04-15,1016.1851800000001
VCB,BAD,BUY_AND_HOLD,69,2022-04-18,985.38518
VCB,BAD,BUY_AND_HOLD,70,2022-04-19,985.38518
VCB,BAD,BUY_AND_HOLD,71,2022-04-20,993.96518
VCB,BAD,BUY_AND_HOLD,72,2022-04-21,993.96518
VCB,BAD,BUY_AND_HOLD,73,2022-04-22,1041.04518
VCB,BAD,BUY_AND_HOLD,74,2022-04-25,1035.9851800000001
VCB,BAD,BUY_AND_HOLD,75,2022-04-26,1019.92518
VCB,BAD,BUY_AND_HOLD,76,2022-04-27,1032.4651800000001
VCB,BAD,BUY_AND_HOLD,77,2022-04-28,1032.4651800000001
VCB,BAD,BUY_AND_HOLD,78,2022-04-29,1024.9851800000001
VCB,BAD,BUY_AND_HOLD,79,2022-05-04,1012.6651800000001
VCB,BAD,BUY_AND_HOLD,80,2022-05-05,1026.08518
VCB,BAD,BUY_AND_HOLD,81,2022-05-06,1006.50518
VCB,BAD,BUY_AND_HOLD,82,2022-05-09,987.80518
VCB,BAD,BUY_AND_HOLD,83,2022-05-10,1013.76518
VCB,BAD,BUY_AND_HOLD,84,2022-05-11,1013.76518
VCB,BAD,BUY_AND_HOLD,85,2022-05-12,976.80518
VCB,BAD,BUY_AND_HOLD,86,2022-05-13,927.30518
VCB,BAD,BUY_AND_HOLD,87,2022-05-16,942.04518
VCB,BAD,BUY_AND_HOLD,88,2022-05-17,964.26518
VCB,BAD,BUY_AND_HOLD,89,2022-05-18,957.00518
VCB,BAD,BUY_AND_HOLD,90,2022-05-19,964.26518
VCB,BAD,BUY_AND_HOLD,91,2022-05-20,955.6851800000001
VCB,BAD,BUY_AND_HOLD,92,2022-05-23,944.46518
VCB,BAD,BUY_AND_HOLD,93,2022-05-24,959.42518
VCB,BAD,BUY_AND_HOLD,94,2022-05-25,976.80518
VCB,BAD,BUY_AND_HOLD,95,2022-05-26,973.06518
VCB,BAD,BUY_AND_HOLD,96,2022-05-27,981.6451800000001
VCB,BAD,BUY_AND_HOLD,97,2022-05-30,989.12518
VCB,BAD,BUY_AND_HOLD,98,2022-05-31,1000.12518
VCB,BAD,BUY_AND_HOLD,99,2022-06-01,1019.92518
VCB,BAD,BUY_AND_HOLD,100,2022-06-02,1001.44518
VCB,BAD,BUY_AND_HOLD,101,2022-06-03,982.96518
VCB,BAD,BUY_AND_HOLD,102,2022-06-06,1010.0251800000001
VCB,BAD,BUY_AND_HOLD,103,2022-06-07,1026.08518
VCB,BAD,BUY_AND_HOLD,104,2022-06-08,1003.8651800000001
VCB,BAD,BUY_AND_HOLD,105,2022-06-09,986.70518
VCB,BAD,BUY_AND_HOLD,106,2022-06-10,985.38518
VCB,BAD,BUY_AND_HOLD,107,2022-06-13,969.32518
VCB,BAD,BUY_AND_HOLD,108,2022-06-14,976.80518
VCB,BAD,BUY_AND_HOLD,109,2022-06-15,970.42518
VCB,BAD,BUY_AND_HOLD,110,2022-06-16,1002.76518
VCB,BAD,BUY_AND_HOLD,111,2022-06-17,965.58518
VCB,BAD,BUY_AND_HOLD,112,2022-06-20,964.26518
VCB,BAD,BUY_AND_HOLD,113,2022-06-21,985.38518
VCB,BAD,BUY_AND_HOLD,114,2022-06-22,964.26518
VCB,BAD,BUY_AND_HOLD,115,2022-06-23,963.1651800000001
VCB,BAD,BUY_AND_HOLD,116,2022-06-24,951.94518
VCB,BAD,BUY_AND_HOLD,117,2022-06-27,950.62518
VCB,BAD,BUY_AND_HOLD,118,2022-06-28,968.00518
VCB,BAD,BUY_AND_HOLD,119,2022-06-29,958.1051800000001
VCB,BAD,BUY_AND_HOLD,120,2022-06-30,949.5251800000001
VCB,BAD,BUY_AND_HOLD,121,2022-07-01,939.62518
VCB,BAD,BUY_AND_HOLD,122,2022-07-04,940.72518
VCB,BAD,BUY_AND_HOLD,123,2022-07-05,939.62518
VCB,BAD,BUY_AND_HOLD,124,2022-07-06,924.6651800000001
VCB,BAD,BUY_AND_HOLD,125,2022-07-07,958.1051800000001
VCB,BAD,BUY_AND_HOLD,126,2022-07-08,939.62518
VCB,BAD,BUY_AND_HOLD,127,2022-07-11,914.76518
VCB,BAD,BUY_AND_HOLD,128,2022-07-12,913.6651800000001
VCB,BAD,BUY_AND_HOLD,129,2022-07-13,912.34518
VCB,BAD,BUY_AND_HOLD,130,2022-07-14,919.82518
VCB,BAD,BUY_AND_HOLD,131,2022-07-15,918.50518
VCB,BAD,BUY_AND_HOLD,132,2022-07-18,914.76518
VCB,BAD,BUY_AND_HOLD,133,2022-07-19,906.1851800000001
VCB,BAD,BUY_AND_HOLD,134,2022-07-20,921.1451800000001
VCB,BAD,BUY_AND_HOLD,135,2022-07-21,921.1451800000001
VCB,BAD,BUY_AND_HOLD,136,2022-07-22,921.1451800000001
VCB,BAD,BUY_AND_HOLD,137,2022-07-25,925.9851800000001
VCB,BAD,BUY_AND_HOLD,138,2022-07-26,938.30518
VCB,BAD,BUY_AND_HOLD,139,2022-07-27,951.94518
VCB,BAD,BUY_AND_HOLD,140,2022-07-28,955.6851800000001
VCB,BAD,BUY_AND_HOLD,141,2022-07-29,948.20518
VCB,BAD,BUY_AND_HOLD,142,2022-08-01,976.80518
VCB,BAD,BUY_AND_HOLD,143,2022-08-02,1000.12518
VCB,BAD,BUY_AND_HOLD,144,2022-08-03,1007.6051800000001
VCB,BAD,BUY_AND_HOLD,145,2022-08-04,1044.78518
VCB,BAD,BUY_AND_HOLD,146,2022-08-05,1038.62518
VCB,BAD,BUY_AND_HOLD,147,2022-08-08,1038.62518
VCB,BAD,BUY_AND_HOLD,148,2022-08-09,1023.6651800000001
VCB,BAD,BUY_AND_HOLD,149,2022-08-10,1019.92518
VCB,BAD,BUY_AND_HOLD,150,2022-08-11,1032.4651800000001
VCB,BAD,BUY_AND_HOLD,151,2022-08-12,1033.56518
VCB,BAD,BUY_AND_HOLD,152,2022-08-15,1035.9851800000001
VCB,BAD,BUY_AND_HOLD,153,2022-08-16,1032.4651800000001
VCB,BAD,BUY_AND_HOLD,154,2022-08-17,1032.4651800000001
VCB,BAD,BUY_AND_HOLD,155,2022-08-18,1032.4651800000001
VCB,BAD,BUY_AND_HOLD,156,2022-08-19,1024.9851800000001
VCB,BAD,BUY_AND_HOLD,157,2022-08-22,1013.76518
VCB,BAD,BUY_AND_HOLD,158,2022-08-23,1016.1851800000001
VCB,BAD,BUY_AND_HOLD,159,2022-08-24,1038.62518
VCB,BAD,BUY_AND_HOLD,160,2022-08-25,1038.62518
VCB,BAD,BUY_AND_HOLD,161,2022-08-26,1044.78518
VCB,BAD,BUY_AND_HOLD,162,2022-08-29,1044.78518
VCB,BAD,BUY_AND_HOLD,163,2022-08-30,1088.12518
VCB,BAD,BUY_AND_HOLD,164,2022-08-31,1063.2651799999999
VCB,BAD,BUY_AND_HOLD,165,2022-09-05,1045.88518
VCB,BAD,BUY_AND_HOLD,166,2022-09-06,1047.20518
VCB,BAD,BUY_AND_HOLD,167,2022-09-07,1013.76518
VCB,BAD,BUY_AND_HOLD,168,2022-09-08,989.12518
VCB,BAD,BUY_AND_HOLD,169,2022-09-09,999.0251800000001
VCB,BAD,BUY_AND_HOLD,170,2022-09-12,1002.76518
VCB,BAD,BUY_AND_HOLD,171,2022-09-13,996.6051800000001
VCB,BAD,BUY_AND_HOLD,172,2022-09-14,992.8651800000001
VCB,BAD,BUY_AND_HOLD,173,2022-09-15,1003.8651800000001
VCB,BAD,BUY_AND_HOLD,174,2022-09-16,1013.76518
VCB,BAD,BUY_AND_HOLD,175,2022-09-19,999.0251800000001
VCB,BAD,BUY_AND_HOLD,176,2022-09-20,1003.8651800000001
VCB,BAD,BUY_AND_HOLD,177,2022-09-21,1000.12518
VCB,BAD,BUY_AND_HOLD,178,2022-09-22,989.12518
VCB,BAD,BUY_AND_HOLD,179,2022-09-23,963.1651800000001
VCB,BAD,BUY_AND_HOLD,180,2022-09-26,951.94518
VCB,BAD,BUY_AND_HOLD,181,2022-09-27,943.3651800000001
VCB,BAD,BUY_AND_HOLD,182,2022-09-28,951.94518
VCB,BAD,BUY_AND_HOLD,183,2022-09-29,939.62518
VCB,BAD,BUY_AND_HOLD,184,2022-09-30,929.72518
VCB,BAD,BUY_AND_HOLD,185,2022-10-03,897.6051800000001
VCB,BAD,BUY_AND_HOLD,186,2022-10-04,906.1851800000001
VCB,BAD,BUY_AND_HOLD,187,2022-10-05,908.6051800000001
VCB,BAD,BUY_AND_HOLD,188,2022-10-06,891.44518
VCB,BAD,BUY_AND_HOLD,189,2022-10-07,849.20518
VCB,BAD,BUY_AND_HOLD,190,2022-10-10,829.4051800000001
VCB,BAD,BUY_AND_HOLD,191,2022-10-11,791.12518
VCB,BAD,BUY_AND_HOLD,192,2022-10-12,815.9851800000001
VCB,BAD,BUY_AND_HOLD,193,2022-10-13,846.7851800000001
VCB,BAD,BUY_AND_HOLD,194,2022-10-14,866.58518
VCB,BAD,BUY_AND_HOLD,195,2022-10-17,844.3651800000001
VCB,BAD,BUY_AND_HOLD,196,2022-10-18,861.74518
VCB,BAD,BUY_AND_HOLD,197,2022-10-19,864.1651800000001
VCB,BAD,BUY_AND_HOLD,198,2022-10-20,880.22518
VCB,BAD,BUY_AND_HOLD,199,2022-10-21,865.4851800000001
VCB,BAD,BUY_AND_HOLD,200,2022-10-24,865.4851800000001
VCB,BAD,BUY_AND_HOLD,201,2022-10-25,888.80518
VCB,BAD,BUY_AND_HOLD,202,2022-10-26,890.12518
VCB,BAD,BUY_AND_HOLD,203,2022-10-27,911.24518
VCB,BAD,BUY_AND_HOLD,204,2022-10-28,909.92518
VCB,BAD,BUY_AND_HOLD,205,2022-10-31,933.46518
VCB,BAD,BUY_AND_HOLD,206,2022-11-01,951.94518
VCB,BAD,BUY_AND_HOLD,207,2022-11-02,934.56518
VCB,BAD,BUY_AND_HOLD,208,2022-11-03,927.30518
VCB,BAD,BUY_AND_HOLD,209,2022-11-04,912.34518
VCB,BAD,BUY_AND_HOLD,210,2022-11-07,912.34518
VCB,BAD,BUY_AND_HOLD,211,2022-11-08,922.24518
VCB,BAD,BUY_AND_HOLD,212,2022-11-09,939.62518
VCB,BAD,BUY_AND_HOLD,213,2022-11-10,924.6651800000001
VCB,BAD,BUY_AND_HOLD,214,2022-11-11,958.1051800000001
VCB,BAD,BUY_AND_HOLD,215,2022-11-14,953.26518
VCB,BAD,BUY_AND_HOLD,216,2022-11-15,951.94518
VCB,BAD,BUY_AND_HOLD,217,2022-11-16,953.26518
VCB,BAD,BUY_AND_HOLD,218,2022-11-17,970.42518
VCB,BAD,BUY_AND_HOLD,219,2022-11-18,970.42518
VCB,BAD,BUY_AND_HOLD,220,2022-11-21,951.94518
VCB,BAD,BUY_AND_HOLD,221,2022-11-22,933.46518
VCB,BAD,BUY_AND_HOLD,222,2022-11-23,933.46518
VCB,BAD,BUY_AND_HOLD,223,2022-11-24,927.30518
VCB,BAD,BUY_AND_HOLD,224,2022-11-25,928.4051800000001
VCB,BAD,BUY_AND_HOLD,225,2022-11-28,973.06518
VCB,BAD,BUY_AND_HOLD,226,2022-11-29,1011.34518
VCB,BAD,BUY_AND_HOLD,227,2022-11-30,1026.08518
VCB,BAD,BUY_AND_HOLD,228,2022-12-01,1013.76518
VCB,BAD,BUY_AND_HOLD,229,2022-12-02,1075.58518
VCB,BAD,BUY_AND_HOLD,230,2022-12-05,1075.58518
VCB,BAD,BUY_AND_HOLD,231,2022-12-06,1013.76518
VCB,BAD,BUY_AND_HOLD,232,2022-12-07,995.2851800000001
VCB,BAD,BUY_AND_HOLD,233,2022-12-08,976.80518
VCB,BAD,BUY_AND_HOLD,234,2022-12-09,980.32518
VCB,BAD,BUY_AND_HOLD,235,2022-12-12,981.6451800000001
VCB,BAD,BUY_AND_HOLD,236,2022-12-13,991.54518
VCB,BAD,BUY_AND_HOLD,237,2022-12-14,999.0251800000001
VCB,BAD,BUY_AND_HOLD,238,2022-12-15,1007.6051800000001
VCB,BAD,BUY_AND_HOLD,239,2022-12-16,1010.0251800000001
VCB,BAD,BUY_AND_HOLD,240,2022-12-19,1003.8651800000001
VCB,BAD,BUY_AND_HOLD,241,2022-12-20,1001.44518
VCB,BAD,BUY_AND_HOLD,242,2022-12-21,997.70518
VCB,BAD,BUY_AND_HOLD,243,2022-12-22,1005.1851800000001
VCB,BAD,BUY_AND_HOLD,244,2022-12-23,1002.76518
VCB,BAD,BUY_AND_HOLD,245,2022-12-26,1000.12518
VCB,BAD,BUY_AND_HOLD,246,2022-12-27,1002.76518
VCB,BAD,BUY_AND_HOLD,247,2022-12-28,1013.76518
VCB,BAD,BUY_AND_HOLD,248,2022-12-29,1022.56518
VCB,BAD,BUY_AND_HOLD,249,2022-12-30,1013.76518
VCB,BAD,BUY_AND_HOLD,250,2023-01-03,1045.88518
VCB,BAD,BUY_AND_HOLD,251,2023-01-04,1048.52518
VCB,BAD,BUY_AND_HOLD,252,2023-01-05,1063.2651799999999
VCB,BAD,BUY_AND_HOLD,253,2023-01-06,1063.2651799999999
VCB,BAD,BUY_AND_HOLD,254,2023-01-09,1099.12518
VCB,BAD,BUY_AND_HOLD,255,2023-01-10,1104.18518
VCB,BAD,BUY_AND_HOLD,256,2023-01-11,1076.9051800000002
VCB,BAD,BUY_AND_HOLD,257,2023-01-12,1073.16518
VCB,BAD,BUY_AND_HOLD,258,2023-01-13,1085.4851800000001
VCB,BAD,BUY_AND_HOLD,259,2023-01-16,1104.18518
VCB,BAD,BUY_AND_HOLD,260,2023-01-17,1130.14518
VCB,BAD,BUY_AND_HOLD,261,2023-01-18,1137.62518
VCB,BAD,BUY_AND_HOLD,262,2023-01-19,1174.58518
VCB,BAD,BUY_AND_HOLD,263,2023-01-27,1174.58518
VCB,BAD,BUY_AND_HOLD,264,2023-01-30,1136.3051799999998
VCB,BAD,BUY_AND_HOLD,265,2023-01-31,1160.9451800000002
VCB,BAD,BUY_AND_HOLD,266,2023-02-01,1126.4051800000002
VCB,BAD,BUY_AND_HOLD,267,2023-02-02,1144.8851799999998
VCB,BAD,BUY_AND_HOLD,268,2023-02-03,1174.58518
VCB,BAD,BUY_AND_HOLD,269,2023-02-06,1211.7651799999999
VCB,BAD,BUY_AND_HOLD,270,2023-02-07,1162.2651799999999
VCB,BAD,BUY_AND_HOLD,271,2023-02-08,1189.54518
VCB,BAD,BUY_AND_HOLD,272,2023-02-09,1174.58518
VCB,BAD,BUY_AND_HOLD,273,2023-02-10,1193.2851799999999
VCB,BAD,BUY_AND_HOLD,274,2023-02-13,1180.74518
VCB,BAD,BUY_AND_HOLD,275,2023-02-14,1168.4251800000002
VCB,BAD,BUY_AND_HOLD,276,2023-02-15,1174.58518
VCB,BAD,BUY_AND_HOLD,277,2023-02-16,1167.10518
VCB,BAD,BUY_AND_HOLD,278,2023-02-17,1174.58518
VCB,BAD,BUY_AND_HOLD,279,2023-02-20,1184.4851800000001
VCB,BAD,BUY_AND_HOLD,280,2023-02-21,1189.54518
VCB,BAD,BUY_AND_HOLD,281,2023-02-22,1174.58518
VCB,BAD,BUY_AND_HOLD,282,2023-02-23,1178.3251800000003
VCB,BAD,BUY_AND_HOLD,283,2023-02-24,1180.74518
VCB,BAD,BUY_AND_HOLD,284,2023-02-27,1172.16518
VCB,BAD,BUY_AND_HOLD,285,2023-02-28,1180.74518
VCB,BAD,BUY_AND_HOLD,286,2023-03-01,1174.58518
VCB,BAD,BUY_AND_HOLD,287,2023-03-02,1177.00518
VCB,BAD,BUY_AND_HOLD,288,2023-03-03,1148.62518
VCB,BAD,BUY_AND_HOLD,289,2023-03-06,1149.9451800000002
VCB,BAD,BUY_AND_HOLD,290,2023-03-07,1160.9451800000002
VCB,BAD,BUY_AND_HOLD,291,2023-03-08,1164.68518
VCB,BAD,BUY_AND_HOLD,292,2023-03-09,1174.58518
VCB,BAD,BUY_AND_HOLD,293,2023-03-10,1163.58518
VCB,BAD,BUY_AND_HOLD,294,2023-03-13,1156.10518
VCB,BAD,BUY_AND_HOLD,295,2023-03-14,1149.9451800000002
VCB,BAD,BUY_AND_HOLD,296,2023-03-15,1154.7851799999999
VCB,BAD,BUY_AND_HOLD,297,2023-03-16,1149.9451800000002
VCB,BAD,BUY_AND_HOLD,298,2023-03-17,1125.08518
VCB,BAD,BUY_AND_HOLD,299,2023-03-20,1076.9051800000002
VCB,BAD,BUY_AND_HOLD,300,2023-03-21,1094.2851799999999
VCB,BAD,BUY_AND_HOLD,301,2023-03-22,1125.08518
VCB,BAD,BUY_AND_HOLD,302,2023-03-23,1146.20518
VCB,BAD,BUY_AND_HOLD,303,2023-03-24,1125.08518
VCB,BAD,BUY_AND_HOLD,304,2023-03-27,1149.9451800000002
VCB,BAD,BUY_AND_HOLD,305,2023-03-28,1159.8451799999998
VCB,BAD,BUY_AND_HOLD,306,2023-03-29,1166.00518
VCB,BAD,BUY_AND_HOLD,307,2023-03-30,1170.8451799999998
VCB,BAD,BUY_AND_HOLD,308,2023-03-31,1154.7851799999999
VCB,BAD,BUY_AND_HOLD,309,2023-04-03,1172.16518
VCB,BAD,BUY_AND_HOLD,310,2023-04-04,1162.2651799999999
VCB,BAD,BUY_AND_HOLD,311,2023-04-05,1163.58518
VCB,BAD,BUY_AND_HOLD,312,2023-04-06,1152.3651800000002
VCB,BAD,BUY_AND_HOLD,313,2023-04-07,1137.62518
VCB,BAD,BUY_AND_HOLD,314,2023-04-10,1125.08518
VCB,BAD,BUY_AND_HOLD,315,2023-04-11,1115.18518
VCB,BAD,BUY_AND_HOLD,316,2023-04-12,1116.50518
VCB,BAD,BUY_AND_HOLD,317,2023-04-13,1115.18518
VCB,BAD,BUY_AND_HOLD,318,2023-04-14,1117.8251800000003
VCB,BAD,BUY_AND_HOLD,319,2023-04-17,1117.8251800000003
VCB,BAD,BUY_AND_HOLD,320,2023-04-18,1112.7651799999999
VCB,BAD,BUY_AND_HOLD,321,2023-04-19,1118.9251800000002
VCB,BAD,BUY_AND_HOLD,322,2023-04-20,1116.50518
VCB,BAD,BUY_AND_HOLD,323,2023-04-21,1106.60518
VCB,BAD,BUY_AND_HOLD,324,2023-04-24,1111.4451800000002
VCB,BAD,BUY_AND_HOLD,325,2023-04-25,1116.50518
VCB,BAD,BUY_AND_HOLD,326,2023-04-26,1130.14518
VCB,BAD,BUY_AND_HOLD,327,2023-04-27,1137.62518
VCB,BAD,BUY_AND_HOLD,328,2023-04-28,1143.7851799999999
VCB,BAD,BUY_AND_HOLD,329,2023-05-04,1118.9251800000002
VCB,BAD,BUY_AND_HOLD,330,2023-05-05,1134.9851800000001
VCB,BAD,BUY_AND_HOLD,331,2023-05-08,1174.58518
VCB,BAD,BUY_AND_HOLD,332,2023-05-09,1166.00518
VCB,BAD,BUY_AND_HOLD,333,2023-05-10,1162.2651799999999
VCB,BAD,BUY_AND_HOLD,334,2023-05-11,1149.9451800000002
VCB,BAD,BUY_AND_HOLD,335,2023-05-12,1172.16518
VCB,BAD,BUY_AND_HOLD,336,2023-05-15,1158.52518
VCB,BAD,BUY_AND_HOLD,337,2023-05-16,1169.74518
VCB,BAD,BUY_AND_HOLD,338,2023-05-17,1172.16518
VCB,BAD,BUY_AND_HOLD,339,2023-05-18,1199.4451800000002
VCB,BAD,BUY_AND_HOLD,340,2023-05-19,1189.54518
VCB,BAD,BUY_AND_HOLD,341,2023-05-22,1175.9051800000002
VCB,BAD,BUY_AND_HOLD,342,2023-05-23,1172.16518
VCB,BAD,BUY_AND_HOLD,343,2023-05-24,1169.74518
VCB,BAD,BUY_AND_HOLD,344,2023-05-25,1177.00518
VCB,BAD,BUY_AND_HOLD,345,2023-05-26,1162.2651799999999
VCB,BAD,BUY_AND_HOLD,346,2023-05-29,1175.9051800000002
VCB,BAD,BUY_AND_HOLD,347,2023-05-30,1193.2851799999999
VCB,BAD,BUY_AND_HOLD,348,2023-05-31,1186.9051800000002
VCB,BAD,BUY_AND_HOLD,349,2023-06-01,1185.8051799999998
VCB,BAD,BUY_AND_HOLD,350,2023-06-02,1198.12518
VCB,BAD,BUY_AND_HOLD,351,2023-06-05,1236.4051800000002
VCB,BAD,BUY_AND_HOLD,352,2023-06-06,1248.9451800000002
VCB,BAD,BUY_AND_HOLD,353,2023-06-07,1224.08518
VCB,BAD,BUY_AND_HOLD,354,2023-06-08,1261.2651799999999
VCB,BAD,BUY_AND_HOLD,355,2023-06-09,1267.4251800000002
VCB,BAD,BUY_AND_HOLD,356,2023-06-12,1273.58518
VCB,BAD,BUY_AND_HOLD,357,2023-06-13,1292.06518
VCB,BAD,BUY_AND_HOLD,358,2023-06-14,1293.3851799999998
VCB,BAD,BUY_AND_HOLD,359,2023-06-15,1304.60518
VCB,BAD,BUY_AND_HOLD,360,2023-06-16,1323.08518
VCB,BAD,BUY_AND_HOLD,361,2023-06-19,1282.16518
VCB,BAD,BUY_AND_HOLD,362,2023-06-20,1259.9451800000002
VCB,BAD,BUY_AND_HOLD,363,2023-06-21,1261.2651799999999
VCB,BAD,BUY_AND_HOLD,364,2023-06-22,1266.10518
VCB,BAD,BUY_AND_HOLD,365,2023-06-23,1259.9451800000002
VCB,BAD,BUY_AND_HOLD,366,2023-06-26,1261.2651799999999
VCB,BAD,BUY_AND_HOLD,367,2023-06-27,1261.2651799999999
VCB,BAD,BUY_AND_HOLD,368,2023-06-28,1274.9051800000002
VCB,BAD,BUY_AND_HOLD,369,2023-06-29,1284.8051799999998
VCB,BAD,BUY_AND_HOLD,370,2023-06-30,1261.2651799999999
VCB,BAD,BUY_AND_HOLD,371,2023-07-03,1261.2651799999999
VCB,BAD,BUY_AND_HOLD,372,2023-07-04,1261.2651799999999
VCB,BAD,BUY_AND_HOLD,373,2023-07-05,1285.9051800000002
VCB,BAD,BUY_AND_HOLD,374,2023-07-06,1269.8451799999998
VCB,BAD,BUY_AND_HOLD,375,2023-07-07,1323.08518
VCB,BAD,BUY_AND_HOLD,376,2023-07-10,1294.70518
VCB,BAD,BUY_AND_HOLD,377,2023-07-11,1298.22518
VCB,BAD,BUY_AND_HOLD,378,2023-07-12,1310.7651799999999
VCB,BAD,BUY_AND_HOLD,379,2023-07-13,1321.7651799999999
VCB,BAD,BUY_AND_HOLD,380,2023-07-14,1323.08518
VCB,BAD,BUY_AND_HOLD,381,2023-07-17,1320.66518
VCB,BAD,BUY_AND_HOLD,382,2023-07-18,1314.50518
VCB,BAD,BUY_AND_HOLD,383,2023-07-19,1341.56518
VCB,BAD,BUY_AND_HOLD,384,2023-07-20,1323.08518
VCB,BAD,BUY_AND_HOLD,385,2023-07-21,1323.08518
VCB,BAD,BUY_AND_HOLD,386,2023-07-24,1318.02518
VCB,BAD,BUY_AND_HOLD,387,2023-07-25,1364.00518
VCB,BAD,BUY_AND_HOLD,388,2023-07-26,1388.8651800000002
VCB,BAD,BUY_AND_HOLD,389,2023-07-27,1378.52518
VCB,BAD,BUY_AND_HOLD,390,2023-07-28,1382.9251800000002
VCB,BAD,BUY_AND_HOLD,391,2023-07-31,1362.4651800000001
VCB,BAD,BUY_AND_HOLD,392,2023-08-01,1356.52518
VCB,BAD,BUY_AND_HOLD,393,2023-08-02,1360.9251800000002
VCB,BAD,BUY_AND_HOLD,394,2023-08-03,1347.9451800000002
VCB,BAD,BUY_AND_HOLD,395,2023-08-04,1340.4651800000001
VCB,BAD,BUY_AND_HOLD,396,2023-08-07,1350.8051799999998
VCB,BAD,BUY_AND_HOLD,397,2023-08-08,1349.2651799999999
VCB,BAD,BUY_AND_HOLD,398,2023-08-09,1342.00518
VCB,BAD,BUY_AND_HOLD,399,2023-08-10,1317.14518
VCB,BAD,BUY_AND_HOLD,400,2023-08-11,1344.8651800000002
VCB,BAD,BUY_AND_HOLD,401,2023-08-14,1324.4051800000002
VCB,BAD,BUY_AND_HOLD,402,2023-08-15,1323.08518
VCB,BAD,BUY_AND_HOLD,403,2023-08-16,1327.4851800000001
VCB,BAD,BUY_AND_HOLD,404,2023-08-17,1330.3451799999998
VCB,BAD,BUY_AND_HOLD,405,2023-08-18,1331.8851799999998
VCB,BAD,BUY_AND_HOLD,406,2023-08-21,1336.06518
VCB,BAD,BUY_AND_HOLD,407,2023-08-22,1315.8251800000003
VCB,BAD,BUY_AND_HOLD,408,2023-08-23,1285.02518
VCB,BAD,BUY_AND_HOLD,409,2023-08-24,1295.3651800000002
VCB,BAD,BUY_AND_HOLD,410,2023-08-25,1283.4851800000001
VCB,BAD,BUY_AND_HOLD,411,2023-08-28,1295.3651800000002
VCB,BAD,BUY_AND_HOLD,412,2023-08-29,1315.8251800000003
VCB,BAD,BUY_AND_HOLD,413,2023-08-30,1325.9451800000002
VCB,BAD,BUY_AND_HOLD,414,2023-08-31,1325.9451800000002
VCB,BAD,BUY_AND_HOLD,415,2023-09-05,1340.4651800000001
VCB,BAD,BUY_AND_HOLD,416,2023-09-06,1342.00518
VCB,BAD,BUY_AND_HOLD,417,2023-09-07,1331.8851799999998
VCB,BAD,BUY_AND_HOLD,418,2023-09-08,1331.8851799999998
VCB,BAD,BUY_AND_HOLD,419,2023-09-11,1317.14518
VCB,BAD,BUY_AND_HOLD,420,2023-09-12,1337.60518
VCB,BAD,BUY_AND_HOLD,421,2023-09-13,1325.9451800000002
VCB,BAD,BUY_AND_HOLD,422,2023-09-14,1325.9451800000002
VCB,BAD,BUY_AND_HOLD,423,2023-09-15,1336.06518
VCB,BAD,BUY_AND_HOLD,424,2023-09-18,1321.54518
VCB,BAD,BUY_AND_HOLD,425,2023-09-19,1311.4251800000002
VCB,BAD,BUY_AND_HOLD,426,2023-09-20,1309.8851799999998
VCB,BAD,BUY_AND_HOLD,427,2023-09-21,1295.3651800000002
VCB,BAD,BUY_AND_HOLD,428,2023-09-22,1328.8051799999998
VCB,BAD,BUY_AND_HOLD,429,2023-09-25,1328.8051799999998
VCB,BAD,BUY_AND_HOLD,430,2023-09-26,1295.3651800000002
VCB,BAD,BUY_AND_HOLD,431,2023-09-27,1307.02518
VCB,BAD,BUY_AND_HOLD,432,2023-09-28,1309.8851799999998
VCB,BAD,BUY_AND_HOLD,433,2023-09-29,1302.62518
VCB,BAD,BUY_AND_HOLD,434,2023-10-02,1287.8851799999998
VCB,BAD,BUY_AND_HOLD,435,2023-10-03,1285.02518
VCB,BAD,BUY_AND_HOLD,436,2023-10-04,1285.02518
VCB,BAD,BUY_AND_HOLD,437,2023-10-05,1258.8451799999998
VCB,BAD,BUY_AND_HOLD,438,2023-10-06,1271.8251800000003
VCB,BAD,BUY_AND_HOLD,439,2023-10-09,1260.16518
VCB,BAD,BUY_AND_HOLD,440,2023-10-10,1282.16518
VCB,BAD,BUY_AND_HOLD,441,2023-10-11,1287.8851799999998
VCB,BAD,BUY_AND_HOLD,442,2023-10-12,1280.62518
VCB,BAD,BUY_AND_HOLD,443,2023-10-13,1289.4251800000002
VCB,BAD,BUY_AND_HOLD,444,2023-10-16,1282.16518
VCB,BAD,BUY_AND_HOLD,445,2023-10-17,1279.08518
VCB,BAD,BUY_AND_HOLD,446,2023-10-18,1279.08518
VCB,BAD,BUY_AND_HOLD,447,2023-10-19,1258.8451799999998
VCB,BAD,BUY_AND_HOLD,448,2023-10-20,1263.02518
VCB,BAD,BUY_AND_HOLD,449,2023-10-23,1258.8451799999998
VCB,BAD,BUY_AND_HOLD,450,2023-10-24,1280.62518
VCB,BAD,BUY_AND_HOLD,451,2023-10-25,1277.7651799999999
VCB,BAD,BUY_AND_HOLD,452,2023-10-26,1258.8451799999998
VCB,BAD,BUY_AND_HOLD,453,2023-10-27,1266.10518
VCB,BAD,BUY_AND_HOLD,454,2023-10-30,1279.08518
VCB,BAD,BUY_AND_HOLD,455,2023-10-31,1292.2851799999999
VCB,BAD,BUY_AND_HOLD,456,2023-11-01,1307.02518
VCB,BAD,BUY_AND_HOLD,457,2023-11-02,1324.4051800000002
VCB,BAD,BUY_AND_HOLD,458,2023-11-03,1323.08518
VCB,BAD,BUY_AND_HOLD,459,2023-11-06,1331.8851799999998
VCB,BAD,BUY_AND_HOLD,460,2023-11-07,1314.2851799999999
VCB,BAD,BUY_AND_HOLD,461,2023-11-08,1331.8851799999998
VCB,BAD,BUY_AND_HOLD,462,2023-11-09,1308.3451799999998
VCB,BAD,BUY_AND_HOLD,463,2023-11-10,1280.62518
VCB,BAD,BUY_AND_HOLD,464,2023-11-13,1273.3651800000002
VCB,BAD,BUY_AND_HOLD,465,2023-11-14,1280.62518
VCB,BAD,BUY_AND_HOLD,466,2023-11-15,1305.4851800000001
VCB,BAD,BUY_AND_HOLD,467,2023-11-16,1309.8851799999998
VCB,BAD,BUY_AND_HOLD,468,2023-11-17,1274.9051800000002
VCB,BAD,BUY_AND_HOLD,469,2023-11-20,1282.16518
VCB,BAD,BUY_AND_HOLD,470,2023-11-21,1289.4251800000002
VCB,BAD,BUY_AND_HOLD,471,2023-11-22,1290.9651800000001
VCB,BAD,BUY_AND_HOLD,472,2023-11-23,1273.3651800000002
VCB,BAD,BUY_AND_HOLD,473,2023-11-24,1280.62518
VCB,BAD,BUY_AND_HOLD,474,2023-11-27,1277.7651799999999
VCB,BAD,BUY_AND_HOLD,475,2023-11-28,1277.7651799999999
VCB,BAD,BUY_AND_HOLD,476,2023-11-29,1267.4251800000002
VCB,BAD,BUY_AND_HOLD,477,2023-11-30,1261.70518
VCB,BAD,BUY_AND_HOLD,478,2023-12-01,1266.10518
VCB,BAD,BUY_AND_HOLD,479,2023-12-04,1280.62518
VCB,BAD,BUY_AND_HOLD,480,2023-12-05,1271.8251800000003
VCB,BAD,BUY_AND_HOLD,481,2023-12-06,1279.08518
VCB,BAD,BUY_AND_HOLD,482,2023-12-07,1268.9651800000001
VCB,BAD,BUY_AND_HOLD,483,2023-12-08,1266.10518
VCB,BAD,BUY_AND_HOLD,484,2023-12-11,1254.4451800000002
VCB,BAD,BUY_AND_HOLD,485,2023-12-12,1254.4451800000002
VCB,BAD,BUY_AND_HOLD,486,2023-12-13,1246.9651800000001
VCB,BAD,BUY_AND_HOLD,487,2023-12-14,1257.3051799999998
VCB,BAD,BUY_AND_HOLD,488,2023-12-15,1225.18518
VCB,BAD,BUY_AND_HOLD,489,2023-12-18,1214.8451799999998
VCB,BAD,BUY_AND_HOLD,490,2023-12-19,1210.4451800000002
VCB,BAD,BUY_AND_HOLD,491,2023-12-20,1209.12518
VCB,BAD,BUY_AND_HOLD,492,2023-12-21,1206.04518
VCB,BAD,BUY_AND_HOLD,493,2023-12-22,1206.04518
VCB,BAD,BUY_AND_HOLD,494,2023-12-25,1219.24518
VCB,BAD,BUY_AND_HOLD,495,2023-12-26,1233.9851800000001
VCB,BAD,BUY_AND_HOLD,496,2023-12-27,1232.4451800000002
VCB,BAD,BUY_AND_HOLD,497,2023-12-28,1233.9851800000001
VCB,BAD,BUY_AND_HOLD,498,2023-12-29,1197.4651800000001
